alias Nobody  <Nobody@eecs.berkeley.edu>
alias aabate Alessandro Abate <aabate@eecs.berkeley.edu>
alias aaggarwa Alok Aggarwal <aaggarwa@eecs.berkeley.edu>
alias aaronj Aaron Jow <aaronj@eecs.berkeley.edu>
alias aaronson Scott Aaronson <aaronson@eecs.berkeley.edu>
alias abbyt Abby Thompson <abbyt@eecs.berkeley.edu>
alias abe Abraham Mirrashidi <abe@eecs.berkeley.edu>
alias abegel Andrew Begel <abegel@eecs.berkeley.edu>
alias aberg Alexander C. Berg <aberg@eecs.berkeley.edu>
alias abhik Abhik Majumdar <abhik@eecs.berkeley.edu>
alias abigailv Abigail Valencia <abigailv@eecs.berkeley.edu>
alias abrown Aaron Brown <abrown@eecs.berkeley.edu>
alias ac Andrew Chih-Rong Chang <ac@eecs.berkeley.edu>
alias acao Andrew Cao <acao@eecs.berkeley.edu>
alias acarlson Andrew Carlson <acarlson@eecs.berkeley.edu>
alias acataldo James Cataldo <acataldo@eecs.berkeley.edu>
alias ackwok Albert_CC_ Kwok <ackwok@eecs.berkeley.edu>
alias acr Alex Russell <acr@eecs.berkeley.edu>
alias adamb Adam Bargteil <adamb@eecs.berkeley.edu>
alias adamc Adam James Chlipala <adamc@eecs.berkeley.edu>
alias adames Aaron Ames <adames@eecs.berkeley.edu>
alias adelafv Alejandro De la Fuente Vornbrock <adelafv@eecs.berkeley.edu>
alias adib Andrej Bogdanov <adib@eecs.berkeley.edu>
alias adim Georgios Alexandros Dimakis <adim@eecs.berkeley.edu>
alias adj Anthony Joseph <adj@eecs.berkeley.edu>
alias adrienne Adrienne Ruff <adrienne@eecs.berkeley.edu>
alias aflynn Anita Flynn <aflynn@eecs.berkeley.edu>
alias afranke Andrea Elke Franke <afranke@eecs.berkeley.edu>
alias afrome Andrea Frome <afrome@eecs.berkeley.edu>
alias agni Amoolya Singh <agni@eecs.berkeley.edu>
alias agrimes Adrienne Grimes Longley-Cook <agrimes@eecs.berkeley.edu>
alias ahurst Aaron Paul Hurst <ahurst@eecs.berkeley.edu>
alias aidan Aidan Bauer <aidan@eecs.berkeley.edu>
alias aiken Alex Aiken <aiken@eecs.berkeley.edu>
alias aileenk Aileen  Kwun <aileenk@eecs.berkeley.edu>
alias aj Ajeet Ganesh Shankar <aj@eecs.berkeley.edu>
alias ajaffe Jaffe <ajaffe@eecs.berkeley.edu>
alias ajl A.J. Lichtenberg <ajl@eecs.berkeley.edu>
alias akirk Adam Kirk <akirk@eecs.berkeley.edu>
alias akoch Andreas Koch <akoch@eecs.berkeley.edu>
alias akrasnov KRASNOV <akrasnov@eecs.berkeley.edu>
alias aks Anoop Kumar Sinha <aks@eecs.berkeley.edu>
alias akurzhan Alexandr A Kurzhanskiy <akurzhan@eecs.berkeley.edu>
alias alanmi Alan Mishchenko <alanmi@eecs.berkeley.edu>
alias alann Alan Frederick Newberger <alann@eecs.berkeley.edu>
alias alanwu Alan C. Wu <alanwu@eecs.berkeley.edu>
alias albrown Alexander Brown <albrown@eecs.berkeley.edu>
alias albrtaco ALBERTS WANG <albrtaco@eecs.berkeley.edu>
alias alexa Alexandra M Brudy <alexa@eecs.berkeley.edu>
alias alexf Alexander Fabrikant <alexf@eecs.berkeley.edu>
alias alexip Alexandros Papavasiliou <alexip@eecs.berkeley.edu>
alias ali Ali Rahimi <ali@eecs.berkeley.edu>
alias alicef Alice Ford <alicef@eecs.berkeley.edu>
alias alicez Alice Zheng <alicez@eecs.berkeley.edu>
alias allanl A Chris Long <allanl@eecs.berkeley.edu>
alias allenh Allen Hopkins <allenh@eecs.berkeley.edu>
alias allenp Allen Pouratian <allenp@eecs.berkeley.edu>
alias allisonc Allison Coates <allisonc@eecs.berkeley.edu>
alias almolnar Alyosha Molnar <almolnar@eecs.berkeley.edu>
alias almudena Almudena Ordonez <almudena@eecs.berkeley.edu>
alias along CHUN-LONG GUO <along@eecs.berkeley.edu>
alias alptekin Sema Alptekin <alptekin@eecs.berkeley.edu>
alias altmann Joern Altmann <altmann@eecs.berkeley.edu>
alias alvaro Alvaro San Paulo <alvaro@eecs.berkeley.edu>
alias alvise Alvise Bonivento <alvise@eecs.berkeley.edu>
alias alyson Allie Fletcher <alyson@eecs.berkeley.edu>
alias ambainis Andris Ambainis <ambainis@eecs.berkeley.edu>
alias ambuj Ambuj Tewari <ambuj@eecs.berkeley.edu>
alias amc Adam M. Costello <amc@eecs.berkeley.edu>
alias amd Andre' DeHon <amd@eecs.berkeley.edu>
alias ameli Alexandra Meliou <ameli@eecs.berkeley.edu>
alias aminer Andrew Miner <aminer@eecs.berkeley.edu>
alias aminh Meghdad Hajimorad <aminh@eecs.berkeley.edu>
alias amleong Alina Leong <amleong@eecs.berkeley.edu>
alias amol Amol Deshpande <amol@eecs.berkeley.edu>
alias amyyang Amy Yang <amyyang@eecs.berkeley.edu>
alias ananth Venkat Anantharam <ananth@eecs.berkeley.edu>
alias ananthar Ananthapadmanabha Rajagopala-Rao <ananthar@eecs.berkeley.edu>
alias anar Ana Ramirez <anar@eecs.berkeley.edu>
alias andrei Andrei Vladimirescu <andrei@eecs.berkeley.edu>
alias andykung KUNG <andykung@eecs.berkeley.edu>
alias ang Andrew Y. Ng <ang@eecs.berkeley.edu>
alias anil Anil Anwarali Sewani <anil@eecs.berkeley.edu>
alias animesh Animesh Kumar <animesh@eecs.berkeley.edu>
alias ankurl Ankur Luthra <ankurl@eecs.berkeley.edu>
alias anniew Annie Wang <anniew@eecs.berkeley.edu>
alias anouck Anouck Girard <anouck@eecs.berkeley.edu>
alias anshan An-shan Huang <anshan@eecs.berkeley.edu>
alias anuj Anuj Puri <anuj@eecs.berkeley.edu>
alias aoki Paul M. Aoki <aoki@eecs.berkeley.edu>
alias aowens Annie Owen <aowens@eecs.berkeley.edu>
alias apadilla Alvaro Padilla <apadilla@eecs.berkeley.edu>
alias apinto Alessandro Pinto <apinto@eecs.berkeley.edu>
alias appisano Professor A. P. Pisano <appisano@eecs.berkeley.edu>
alias archanag Archana Ganapathi <archanag@eecs.berkeley.edu>
alias ardeshir Ardeshir Mostofi <ardeshir@eecs.berkeley.edu>
alias aredfern Andrew J Redfern <aredfern@eecs.berkeley.edu>
alias arel Arel Lee Cordero <arel@eecs.berkeley.edu>
alias arellano Noel Arellano <arellano@eecs.berkeley.edu>
alias arindam Arindam Chakrabarti <arindam@eecs.berkeley.edu>
alias arkadeb Arkadeb Ghosal <arkadeb@eecs.berkeley.edu>
alias arkaray Arka Ray <arkaray@eecs.berkeley.edu>
alias arla Arla Thomas <arla@eecs.berkeley.edu>
alias armond Armond Gauthier <armond@eecs.berkeley.edu>
alias arora Sanjeev Arora <arora@eecs.berkeley.edu>
alias artemis Dan Steingart <artemis@eecs.berkeley.edu>
alias artemtk Artem Tkachenko <artemtk@eecs.berkeley.edu>
alias artin Artin Der Minassians <artin@eecs.berkeley.edu>
alias arty Arthur Yeap <arty@eecs.berkeley.edu>
alias arvindk Arvind Krishnamurthy <arvindk@eecs.berkeley.edu>
alias asami Satoshi Asami <asami@eecs.berkeley.edu>
alias asanz Ana Sanz Merino <asanz@eecs.berkeley.edu>
alias asarwate Anand Dilip Sarwate <asarwate@eecs.berkeley.edu>
alias aseshia Ashwin_Arunkumar Seshia <aseshia@eecs.berkeley.edu>
alias asha Asha Tarachandani <asha@eecs.berkeley.edu>
alias ashurbr William Ashurst <ashurbr@eecs.berkeley.edu>
alias ashwin Ashwin Nayak <ashwin@eecs.berkeley.edu>
alias asolar Armando Solar-Lezama <asolar@eecs.berkeley.edu>
alias aspremon Alexandre D'Aspremont <aspremon@eecs.berkeley.edu>
alias aswan Andrew Swan <aswan@eecs.berkeley.edu>
alias atsao Tsao <atsao@eecs.berkeley.edu>
alias atsushi Atsushi Ishikawa <atsushi@eecs.berkeley.edu>
alias attwood David Attwood <attwood@eecs.berkeley.edu>
alias avestime Amir Salman Avesti Mehr <avestime@eecs.berkeley.edu>
alias avula Veena Avula <avula@eecs.berkeley.edu>
alias avz Avideh Zakhor <avz@eecs.berkeley.edu>
alias aw Aaron Walburg <aw@eecs.berkeley.edu>
alias awagner Aaron Wagner <awagner@eecs.berkeley.edu>
alias awoo Alec Woo <awoo@eecs.berkeley.edu>
alias awwong awwong <awwong@eecs.berkeley.edu>
alias axelb Axel Berny <axelb@eecs.berkeley.edu>
alias ayamanak ayamanak <ayamanak@eecs.berkeley.edu>
alias ayumu Ayumu Kubota <ayumu@eecs.berkeley.edu>
alias azevedo Robert Azevedo <azevedo@eecs.berkeley.edu>
alias bahai Ahmad Bahai <bahai@eecs.berkeley.edu>
alias bai Zhaojun Bai <bai@eecs.berkeley.edu>
alias bajcsy Ruzena Bajcsy <bajcsy@eecs.berkeley.edu>
alias bala Bala Pesala <bala@eecs.berkeley.edu>
alias balke Wolf-Tilo Balke <balke@eecs.berkeley.edu>
alias barath Barath Raghavan <barath@eecs.berkeley.edu>
alias bardia Sadri Bardia <bardia@eecs.berkeley.edu>
alias barkhuus Louise Barkhuus <barkhuus@eecs.berkeley.edu>
alias barreno Marco Antonio Barreno <barreno@eecs.berkeley.edu>
alias bartlett Peter Bartlett <bartlett@eecs.berkeley.edu>
alias baytekin baytekin <baytekin@eecs.berkeley.edu>
alias bbrother Big Brother <bbrother@eecs.berkeley.edu>
alias bdiaz Barbara Diaz-Diez <bdiaz@eecs.berkeley.edu>
alias bean Boris Stoeber <bean@eecs.berkeley.edu>
alias bec Bor-Yuh Evan Chang <bec@eecs.berkeley.edu>
alias beck James Beck <beck@eecs.berkeley.edu>
alias beckert Walter Beckert <beckert@eecs.berkeley.edu>
alias beckmann Christopher Paul Beckmann <beckmann@eecs.berkeley.edu>
alias bee Barbara Engelhardt <bee@eecs.berkeley.edu>
alias behlr Rohit Behl <behlr@eecs.berkeley.edu>
alias behrooz KHORASHADI <behrooz@eecs.berkeley.edu>
alias benlake Ben Lake <benlake@eecs.berkeley.edu>
alias bensonlu Cheng-Hsin Lu <bensonlu@eecs.berkeley.edu>
alias berardi Luca Berardi <berardi@eecs.berkeley.edu>
alias bergen A. Bergen <bergen@eecs.berkeley.edu>
alias beverly Beverly A. Quintana <beverly@eecs.berkeley.edu>
alias beyer Dirk Beyer <beyer@eecs.berkeley.edu>
alias bfeldman Bryan E Feldman <bfeldman@eecs.berkeley.edu>
alias bfields Brian Fields <bfields@eecs.berkeley.edu>
alias bfulton BRYANJASON FULTON <bfulton@eecs.berkeley.edu>
alias bgchun Byung-Gon Chun <bgchun@eecs.berkeley.edu>
alias bgupta Bhusan Gupta <bgupta@eecs.berkeley.edu>
alias bhalotia Gaurav Bhalotia <bhalotia@eecs.berkeley.edu>
alias bhaskar Bhaskaran Raman <bhaskar@eecs.berkeley.edu>
alias bhaskara Bhaskara Marthi <bhaskara@eecs.berkeley.edu>
alias bhorowit Benjamin Horowitz <bhorowit@eecs.berkeley.edu>
alias bill William Flounders <bill@eecs.berkeley.edu>
alias billh William Hodge <billh@eecs.berkeley.edu>
alias billm William Terrence McCloskey <billm@eecs.berkeley.edu>
alias bina Sabrina Merchant <bina@eecs.berkeley.edu>
alias binetude Sukun Kim <binetude@eecs.berkeley.edu>
alias biotene Calvin Kuo <biotene@eecs.berkeley.edu>
alias bira Ubirata Chaves Coelho <bira@eecs.berkeley.edu>
alias birdsall C.K. Birdsall <birdsall@eecs.berkeley.edu>
alias bjd Benjamin Diament <bjd@eecs.berkeley.edu>
alias blakelin Lin <blakelin@eecs.berkeley.edu>
alias blee20 Benjamin Chichung Lee <blee20@eecs.berkeley.edu>
alias blei David Blei <blei@eecs.berkeley.edu>
alias bmattis Brian Alexander Mattis <bmattis@eecs.berkeley.edu>
alias bmiller Bob Miller <bmiller@eecs.berkeley.edu>
alias bmkapron Bruce Kapron <bmkapron@eecs.berkeley.edu>
alias bmoeller Bodo Moeller <bmoeller@eecs.berkeley.edu>
alias bmurmann BORIS MURMANN <bmurmann@eecs.berkeley.edu>
alias bnc Brent Chun <bnc@eecs.berkeley.edu>
alias bnl Brian Limketkai <bnl@eecs.berkeley.edu>
alias bob bob <bob@eecs.berkeley.edu>
alias bobak Bobak Anthony Nazer <bobak@eecs.berkeley.edu>
alias bock Roger Bock <bock@eecs.berkeley.edu>
alias bodik Rastislav Bodik <bodik@eecs.berkeley.edu>
alias bodikp Peter Bodik <bodikp@eecs.berkeley.edu>
alias bonachea Dan Bonachea <bonachea@eecs.berkeley.edu>
alias bonniez Xia Zhu <bonniez@eecs.berkeley.edu>
alias bonny Bonny Mckeon <bonny@eecs.berkeley.edu>
alias boonloo Boon Thau Loo <boonloo@eecs.berkeley.edu>
alias bora Borivoje Nikolic <bora@eecs.berkeley.edu>
alias bori Boriska Toth <bori@eecs.berkeley.edu>
alias boser boser <boser@eecs.berkeley.edu>
alias bowei Bowei Du <bowei@eecs.berkeley.edu>
alias brandono OOI <brandono@eecs.berkeley.edu>
alias breic Benjamin Reichardt <breic@eecs.berkeley.edu>
alias brenda Brenda Vanoni <brenda@eecs.berkeley.edu>
alias brendler Brenda Haendler <brendler@eecs.berkeley.edu>
alias brenna HSIAU <brenna@eecs.berkeley.edu>
alias brewer Eric Brewer <brewer@eecs.berkeley.edu>
alias brianb Brian Bircumshaw <brianb@eecs.berkeley.edu>
alias bschwarz Benjamin Schwarz <bschwarz@eecs.berkeley.edu>
alias bsingh Balraj Singh <bsingh@eecs.berkeley.edu>
alias bskinner Beverly Skinner <bskinner@eecs.berkeley.edu>
alias bsl Brian_Sheldon Leibowitz <bsl@eecs.berkeley.edu>
alias bsriram Sriram Balasubramaniam <bsriram@eecs.berkeley.edu>
alias bukowski Richard Bukowski <bukowski@eecs.berkeley.edu>
alias bullo Francesco Bullo <bullo@eecs.berkeley.edu>
alias burst Paul Burstein <burst@eecs.berkeley.edu>
alias busse busse <busse@eecs.berkeley.edu>
alias bwarlick Benjamin Warlick <bwarlick@eecs.berkeley.edu>
alias byrd Ali Byrd <byrd@eecs.berkeley.edu>
alias bzz Zhongzhi Bai <bzz@eecs.berkeley.edu>
alias c_krish Krishnendu Chatterjee <c_krish@eecs.berkeley.edu>
alias cadence Cadence account <cadence@eecs.berkeley.edu>
alias cagdaser Baris Cagdaser <cagdaser@eecs.berkeley.edu>
alias caitlin Caitlin Dey-ward <caitlin@eecs.berkeley.edu>
alias caljacks Jackson Lao <caljacks@eecs.berkeley.edu>
alias candacer Candace Robinson <candacer@eecs.berkeley.edu>
alias carlosa Carlos Andrade <carlosa@eecs.berkeley.edu>
alias carlosm Carlos Martinez <carlosm@eecs.berkeley.edu>
alias carolm Carol Marshall <carolm@eecs.berkeley.edu>
alias carraher Terrence Carraher <carraher@eecs.berkeley.edu>
alias carstens Carsten A Schwicking <carstens@eecs.berkeley.edu>
alias casaburi James Casaburi <casaburi@eecs.berkeley.edu>
alias cassie Cassandra Dunn <cassie@eecs.berkeley.edu>
alias cathymc Cathy McIntosh <cathymc@eecs.berkeley.edu>
alias catwoman Winnie Wang <catwoman@eecs.berkeley.edu>
alias cbc Chang <cbc@eecs.berkeley.edu>
alias cbruno Claudia Bruno <cbruno@eecs.berkeley.edu>
alias cbruyns Cynthia D Bruyns <cbruyns@eecs.berkeley.edu>
alias cch Connie Chang-Hasnain <cch@eecs.berkeley.edu>
alias cchang Cheng Chang <cchang@eecs.berkeley.edu>
alias cckuo Charles Kuo <cckuo@eecs.berkeley.edu>
alias ccling LING <ccling@eecs.berkeley.edu>
alias cdewey COLIN DEWEY <cdewey@eecs.berkeley.edu>
alias cdowney Collin Downey <cdowney@eecs.berkeley.edu>
alias celaine Elaine Cheong <celaine@eecs.berkeley.edu>
alias celano Tullio Celano <celano@eecs.berkeley.edu>
alias ceperley Daniel Ceperley <ceperley@eecs.berkeley.edu>
alias cernest Cynthia Ernest <cernest@eecs.berkeley.edu>
alias cgeyer Christopher Geyer <cgeyer@eecs.berkeley.edu>
alias ch Christopher Hoover <ch@eecs.berkeley.edu>
alias changd Diane Chang <changd@eecs.berkeley.edu>
alias chantim chantim <chantim@eecs.berkeley.edu>
alias chaos Chao Chen <chaos@eecs.berkeley.edu>
alias cheewhye Chee-Whye Chin <cheewhye@eecs.berkeley.edu>
alias chelle Raychelle Lee <chelle@eecs.berkeley.edu>
alias chema Jose Maria Gonzalez <chema@eecs.berkeley.edu>
alias chengs Shih-Yu Cheng <chengs@eecs.berkeley.edu>
alias chenyj YIJIAN CHEN <chenyj@eecs.berkeley.edu>
alias chenzh Chen Chang <chenzh@eecs.berkeley.edu>
alias chialea Lea_Danielle Kissner <chialea@eecs.berkeley.edu>
alias chiaraf chiaraf <chiaraf@eecs.berkeley.edu>
alias chinwuba CHINWUBADAVID EZEKWE <chinwuba@eecs.berkeley.edu>
alias chiuyun Yun Chiu <chiuyun@eecs.berkeley.edu>
alias chl Chung-Hsun Lin <chl@eecs.berkeley.edu>
alias choy03 Amy Choy <choy03@eecs.berkeley.edu>
alias chrisc chrisc <chrisc@eecs.berkeley.edu>
alias chrishtr Chris Harrelson <chrishtr@eecs.berkeley.edu>
alias christop Christoph Duenn <christop@eecs.berkeley.edu>
alias christos Christos Papadimitriou <christos@eecs.berkeley.edu>
alias chrisw Christine Williams <chrisw@eecs.berkeley.edu>
alias chsugrad Class research account for Prof. Sequin <chsugrad@eecs.berkeley.edu>
alias chungwu WU <chungwu@eecs.berkeley.edu>
alias cindyp Cindy Palwick <cindyp@eecs.berkeley.edu>
alias cintwala INTWALA <cintwala@eecs.berkeley.edu>
alias ckarlof Chris Karlof <ckarlof@eecs.berkeley.edu>
alias ckeller Chris Keller <ckeller@eecs.berkeley.edu>
alias ckemere Caleb Kemere <ckemere@eecs.berkeley.edu>
alias clairet Claire Tomlin <clairet@eecs.berkeley.edu>
alias clarsson Larsson <clarsson@eecs.berkeley.edu>
alias clim Chu-Cheow Lim <clim@eecs.berkeley.edu>
alias cmajidi Carmel Majidi <cmajidi@eecs.berkeley.edu>
alias cmc Cheryl Craigwell <cmc@eecs.berkeley.edu>
alias cmjones Charlotte Jones <cmjones@eecs.berkeley.edu>
alias cmtice Caroline Tice <cmtice@eecs.berkeley.edu>
alias cmuhlstn Christopher Muhlstein <cmuhlstn@eecs.berkeley.edu>
alias congliu Cong Liu <congliu@eecs.berkeley.edu>
alias cookbw Ben Cook <cookbw@eecs.berkeley.edu>
alias corra Michele Corradin <corra@eecs.berkeley.edu>
alias cpwen Chih-Po Wen <cpwen@eecs.berkeley.edu>
alias crave crave <crave@eecs.berkeley.edu>
alias csajka Tamas Csajka <csajka@eecs.berkeley.edu>
alias csbell Christian Steven Bell <csbell@eecs.berkeley.edu>
alias cschen CHEN <cschen@eecs.berkeley.edu>
alias csgsa CS Grad Student Association <csgsa@eecs.berkeley.edu>
alias csguest CS Guest <csguest@eecs.berkeley.edu>
alias csh Chen Shen <csh@eecs.berkeley.edu>
alias csinem Sinem Coleri <csinem@eecs.berkeley.edu>
alias csr csr <csr@eecs.berkeley.edu>
alias cssharp Cory Sharp <cssharp@eecs.berkeley.edu>
alias ct-ee Cheng Tien Ee <ct-ee@eecs.berkeley.edu>
alias ctlin Chin-Teng Lin <ctlin@eecs.berkeley.edu>
alias ctsang Cheongyuen Tsang <ctsang@eecs.berkeley.edu>
alias cuadra Rosa Cuadra <cuadra@eecs.berkeley.edu>
alias culler David Culler <culler@eecs.berkeley.edu>
alias cusg EECS Computer User Support Group <cusg@eecs.berkeley.edu>
alias cvicente Camille Vicente <cvicente@eecs.berkeley.edu>
alias cwells Christopher Wells <cwells@eecs.berkeley.edu>
alias cwlee Cheol-Woong Lee <cwlee@eecs.berkeley.edu>
alias cxh Christopher Hylands <cxh@eecs.berkeley.edu>
alias czerwin Steven E. Czerwinski <czerwin@eecs.berkeley.edu>
alias czhong Lishi_Charlie Chong <czhong@eecs.berkeley.edu>
alias dadkins Daniel Adkins <dadkins@eecs.berkeley.edu>
alias daewon Dae-Won Ha <daewon@eecs.berkeley.edu>
alias daf David Forsyth <daf@eecs.berkeley.edu>
alias dag David Gibson <dag@eecs.berkeley.edu>
alias dalee88 David Lee <dalee88@eecs.berkeley.edu>
alias damonh Damon Hinson <damonh@eecs.berkeley.edu>
alias danh Danny Heap <danh@eecs.berkeley.edu>
alias daniele Daniele Gasperini <daniele@eecs.berkeley.edu>
alias danielh Daniel Hettena <danielh@eecs.berkeley.edu>
alias danijela Danijela Cabric <danijela@eecs.berkeley.edu>
alias danmac Daniel MacLeod <danmac@eecs.berkeley.edu>
alias daphne Daphne Koller <daphne@eecs.berkeley.edu>
alias darinf Darin Fisher <darinf@eecs.berkeley.edu>
alias dario Dario Cini <dario@eecs.berkeley.edu>
alias darrenl Darren Scott Liccardo <darrenl@eecs.berkeley.edu>
alias dasgupta Sanjoy Dasgupta <dasgupta@eecs.berkeley.edu>
alias dasobel David_Amory Sobel <dasobel@eecs.berkeley.edu>
alias davare Abhijit Davare <davare@eecs.berkeley.edu>
alias daves Dave Shackelford <daves@eecs.berkeley.edu>
alias david_c David Chen <david_c@eecs.berkeley.edu>
alias davidj David Johnson <davidj@eecs.berkeley.edu>
alias davidlo David Lo <davidlo@eecs.berkeley.edu>
alias davidopp David Oppenheimer <davidopp@eecs.berkeley.edu>
alias davidp David Parks <davidp@eecs.berkeley.edu>
alias davteng davteng <davteng@eecs.berkeley.edu>
alias daw David A Wagner <daw@eecs.berkeley.edu>
alias dba Dmitriy Ayrapetov <dba@eecs.berkeley.edu>
alias dbindel David Bindel <dbindel@eecs.berkeley.edu>
alias dcg Daniel C. Glaser <dcg@eecs.berkeley.edu>
alias ddgarcia Dan Garcia <ddgarcia@eecs.berkeley.edu>
alias dean-ofc Dean's Office <dean-ofc@eecs.berkeley.edu>
alias debevec Paul Debevec <debevec@eecs.berkeley.edu>
alias debiw Debi L. Wagner <debiw@eecs.berkeley.edu>
alias dejan dejan <dejan@eecs.berkeley.edu>
alias delynnb DeLynn Bettencourt <delynnb@eecs.berkeley.edu>
alias demmer Michael Demmer <demmer@eecs.berkeley.edu>
alias dengzm Zhiming Deng <dengzm@eecs.berkeley.edu>
alias denise Denise Johnson <denise@eecs.berkeley.edu>
alias densmore Douglas Densmore <densmore@eecs.berkeley.edu>
alias deprit Etienne Deprit <deprit@eecs.berkeley.edu>
alias derenzo Steve Derenzo <derenzo@eecs.berkeley.edu>
alias desmondc CHEUNG <desmondc@eecs.berkeley.edu>
alias devouass Devouassoux Yannick <devouass@eecs.berkeley.edu>
alias dey Anind Dey <dey@eecs.berkeley.edu>
alias dgaiti Dominique Gaiti <dgaiti@eecs.berkeley.edu>
alias dgay David Gay <dgay@eecs.berkeley.edu>
alias dgjones Debbie Jones <dgjones@eecs.berkeley.edu>
alias dglo Dave Glowacki <dglo@eecs.berkeley.edu>
alias dgold Daniel Gold <dgold@eecs.berkeley.edu>
alias dhayward David Hayward <dhayward@eecs.berkeley.edu>
alias dhchang Dennis Ho-Wah Chang <dhchang@eecs.berkeley.edu>
alias dhong DAVID MENG-KUN HONG <dhong@eecs.berkeley.edu>
alias diaoyl Yanlei Diao <diaoyl@eecs.berkeley.edu>
alias diegod Diego DAuglinac <diegod@eecs.berkeley.edu>
alias digh Dai Hisamoto <digh@eecs.berkeley.edu>
alias dimakis ANTONIOS DIMAKIS <dimakis@eecs.berkeley.edu>
alias distanis Marco Di Stanislao <distanis@eecs.berkeley.edu>
alias dkatsis Dimitrios Katsis <dkatsis@eecs.berkeley.edu>
alias dkjeong Deog Kyoon Jeong <dkjeong@eecs.berkeley.edu>
alias dlong Ong <dlong@eecs.berkeley.edu>
alias dmarin David_P Marin <dmarin@eecs.berkeley.edu>
alias dmartin David Martin <dmartin@eecs.berkeley.edu>
alias dmcc Daniel McCormick <dmcc@eecs.berkeley.edu>
alias dmitryd DMITRY DEREVYANKO <dmitryd@eecs.berkeley.edu>
alias dmolnar David Alexander Molnar <dmolnar@eecs.berkeley.edu>
alias doanq QUOCBAO DOAN <doanq@eecs.berkeley.edu>
alias dogan Hakan Dogan <dogan@eecs.berkeley.edu>
alias dolecek Lara Dolecek <dolecek@eecs.berkeley.edu>
alias donald Donald Chai <donald@eecs.berkeley.edu>
alias dongarra Jack Dongarra <dongarra@eecs.berkeley.edu>
alias donnako Donna Ko <donnako@eecs.berkeley.edu>
alias donnelly donnelly <donnelly@eecs.berkeley.edu>
alias doria Dorit Aharonov <doria@eecs.berkeley.edu>
alias doris Doris Simpson <doris@eecs.berkeley.edu>
alias doyle Jane Doyle <doyle@eecs.berkeley.edu>
alias dporrat Dana Porrat <dporrat@eecs.berkeley.edu>
alias dpreda Daniel Ciprian Preda <dpreda@eecs.berkeley.edu>
alias dragan Dragan Rade Petrovic <dragan@eecs.berkeley.edu>
alias drake Greg Chew <drake@eecs.berkeley.edu>
alias dratajcz David Ratajczak <dratajcz@eecs.berkeley.edu>
alias draz Danny Raz -- ICSI/theory <draz@eecs.berkeley.edu>
alias drewc Andrewc Cheng <drewc@eecs.berkeley.edu>
alias dror Dror Weitz <dror@eecs.berkeley.edu>
alias droz Pierre-Yves Droz <droz@eecs.berkeley.edu>
alias drummond Tony Drummond <drummond@eecs.berkeley.edu>
alias dschonbe Daniel Schonberg <dschonbe@eecs.berkeley.edu>
alias dschultz David Schultz <dschultz@eecs.berkeley.edu>
alias dsontag SONTAG <dsontag@eecs.berkeley.edu>
alias dsw Daniel Wilkerson <dsw@eecs.berkeley.edu>
alias dtchang dtchang <dtchang@eecs.berkeley.edu>
alias dtlee Donovan_Tan Lee <dtlee@eecs.berkeley.edu>
alias dtse David Tse <dtse@eecs.berkeley.edu>
alias duan Yitao Duan <duan@eecs.berkeley.edu>
alias dubravka Dubravka Bilic <dubravka@eecs.berkeley.edu>
alias dubrova Elena Dubrova <dubrova@eecs.berkeley.edu>
alias ducmpham Duc M. Pham <ducmpham@eecs.berkeley.edu>
alias duke DUKE LEE <duke@eecs.berkeley.edu>
alias dumitriu Ioana Dumitriu <dumitriu@eecs.berkeley.edu>
alias dundar Baris Dundar <dundar@eecs.berkeley.edu>
alias dunga Mohan Dunga <dunga@eecs.berkeley.edu>
alias duygulu Pinar Duygulu <duygulu@eecs.berkeley.edu>
alias duyl DUYBAO LAM <duyl@eecs.berkeley.edu>
alias dyfang David Fang <dyfang@eecs.berkeley.edu>
alias e_chang Ellen Chang <e_chang@eecs.berkeley.edu>
alias eanders Eric Arnold Anderson <eanders@eecs.berkeley.edu>
alias eaton Patrick Eaton <eaton@eecs.berkeley.edu>
alias eavedar Erwin A. Vedar <eavedar@eecs.berkeley.edu>
alias eb-9d9 Tamara Blain <eb-9d9@eecs.berkeley.edu>
alias ebenh Eben M Haber <ebenh@eecs.berkeley.edu>
alias ebkim Eunice Kim <ebkim@eecs.berkeley.edu>
alias echang echang <echang@eecs.berkeley.edu>
alias echi Eric Culbert Chi <echi@eecs.berkeley.edu>
alias echiou Esmond Chiou <echiou@eecs.berkeley.edu>
alias eddieng Eddie Ng <eddieng@eecs.berkeley.edu>
alias edelman Alan Edelman <edelman@eecs.berkeley.edu>
alias eden Ashley M Eden <eden@eecs.berkeley.edu>
alias edith Edith Cohen <edith@eecs.berkeley.edu>
alias edwardd Edward S De Guzman <edwardd@eecs.berkeley.edu>
alias eeguest EE Guest <eeguest@eecs.berkeley.edu>
alias ees132 Erik Edward Steltz <ees132@eecs.berkeley.edu>
alias efros Alyosha Efros <efros@eecs.berkeley.edu>
alias egan Egan Patricia <egan@eecs.berkeley.edu>
alias egmil Erik G Miller <egmil@eecs.berkeley.edu>
alias ehobbs Eric_David Hobbs <ehobbs@eecs.berkeley.edu>
alias eholzwar Edward Holzwarth <eholzwar@eecs.berkeley.edu>
alias eiji EIJI MIZUTANI <eiji@eecs.berkeley.edu>
alias eingerso Emrys Ingersoll <eingerso@eecs.berkeley.edu>
alias eisentra Kirsten Eisentrager <eisentra@eecs.berkeley.edu>
alias ejgeiger Emil Geiger <ejgeiger@eecs.berkeley.edu>
alias ejim Eun-Jin Im <ejim@eecs.berkeley.edu>
alias ejr Edward Jason Riedy <ejr@eecs.berkeley.edu>
alias ekanso Eva Kanso <ekanso@eecs.berkeley.edu>
alias eklund John Eklund <eklund@eecs.berkeley.edu>
alias ekuo Eric Heng-Shiang Kuo <ekuo@eecs.berkeley.edu>
alias elad Elad Alon <elad@eecs.berkeley.edu>
alias eleta Eleta Cook <eleta@eecs.berkeley.edu>
alias elfersi Davdi Elfersi <elfersi@eecs.berkeley.edu>
alias elghaoui Laurent ElGhaoui <elghaoui@eecs.berkeley.edu>
alias eliao EDWARD_H LIAO <eliao@eecs.berkeley.edu>
alias elise Elise Mills <elise@eecs.berkeley.edu>
alias elitza Elitza Maneva <elitza@eecs.berkeley.edu>
alias elizah Eliza Haskins <elizah@eecs.berkeley.edu>
alias ellen_zh Yang Zhao <ellen_zh@eecs.berkeley.edu>
alias emach MACH <emach@eecs.berkeley.edu>
alias ematsi Eleftherios D Matsikoudis <ematsi@eecs.berkeley.edu>
alias emilm Emil Moshkovich <emilm@eecs.berkeley.edu>
alias emilong Emil Ong <emilong@eecs.berkeley.edu>
alias emin Emin Martinian <emin@eecs.berkeley.edu>
alias emw Eric Michael Wagner <emw@eecs.berkeley.edu>
alias enyi En-Yi Lin <enyi@eecs.berkeley.edu>
alias eperron Etienne Perron <eperron@eecs.berkeley.edu>
alias epxing Eric P. Xing <epxing@eecs.berkeley.edu>
alias equevy Emmanuel Quevy <equevy@eecs.berkeley.edu>
alias eran Eran Halperin <eran@eecs.berkeley.edu>
alias ergen Mustafa Ergen <ergen@eecs.berkeley.edu>
alias eric & Allman <eric@eecs.berkeley.edu>
alias ericmail Zheng-Xin Liu <ericmail@eecs.berkeley.edu>
alias ericmao Eric Mao <ericmao@eecs.berkeley.edu>
alias erinr Erin Reiche <erinr@eecs.berkeley.edu>
alias eritaka Eri Takahashi <eritaka@eecs.berkeley.edu>
alias erythean Erythean Martin <erythean@eecs.berkeley.edu>
alias eshelton Eric Shelton <eshelton@eecs.berkeley.edu>
alias esleland Eli S. Leland <esleland@eecs.berkeley.edu>
alias esnow ERICLOREN SNOW <esnow@eecs.berkeley.edu>
alias etate Erika Tate <etate@eecs.berkeley.edu>
alias etz Edward Zellers <etz@eecs.berkeley.edu>
alias evang Evan Greensmith <evang@eecs.berkeley.edu>
alias everitt Katherine Everitt <everitt@eecs.berkeley.edu>
alias ewagner Earl Wagner <ewagner@eecs.berkeley.edu>
alias eyal Eyal Amir <eyal@eecs.berkeley.edu>
alias eylon Eylon Caspi <eylon@eecs.berkeley.edu>
alias fabian Fabian_Chavez Martinez <fabian@eecs.berkeley.edu>
alias fabien Fabien Rigaud <fabien@eecs.berkeley.edu>
alias faiza Faiza Azgui <faiza@eecs.berkeley.edu>
alias falcon Ralph Neff <falcon@eecs.berkeley.edu>
alias fanpiao fanpiao <fanpiao@eecs.berkeley.edu>
alias farhana Farhana Sheikh <farhana@eecs.berkeley.edu>
alias farica Lam Ying Chi <farica@eecs.berkeley.edu>
alias farinaz Farinaz Koushanfar <farinaz@eecs.berkeley.edu>
alias fateman Richard J. Fateman <fateman@eecs.berkeley.edu>
alias fbach Francis Bach <fbach@eecs.berkeley.edu>
alias fcheng Fred Cheng <fcheng@eecs.berkeley.edu>
alias felix Felix Tien-Shang Wu <felix@eecs.berkeley.edu>
alias ferenc Ferenc Kovac <ferenc@eecs.berkeley.edu>
alias ferencz Andras Ferencz <ferencz@eecs.berkeley.edu>
alias fischerp Peter Fischer <fischerp@eecs.berkeley.edu>
alias flab Francois Labelle <flab@eecs.berkeley.edu>
alias flaca Ixel Chavez <flaca@eecs.berkeley.edu>
alias fli Francis Chia-yu Li <fli@eecs.berkeley.edu>
alias fliao Frank Jason Liao <fliao@eecs.berkeley.edu>
alias flora Flora Oviedo <flora@eecs.berkeley.edu>
alias fmang Freddy Yin-Chung Mang <fmang@eecs.berkeley.edu>
alias foogle Rahul Biswas <foogle@eecs.berkeley.edu>
alias foster Leslie V. Foster <foster@eecs.berkeley.edu>
alias fowlkes Charless Fowlkes <fowlkes@eecs.berkeley.edu>
alias francesc Gianni Franceschini <francesc@eecs.berkeley.edu>
alias frankel Sherman Frankel <frankel@eecs.berkeley.edu>
alias franklin Michael Franklin <franklin@eecs.berkeley.edu>
alias fraser Eric Fraser <fraser@eecs.berkeley.edu>
alias fredwong Frederick Wong <fredwong@eecs.berkeley.edu>
alias frey Wilhelm Frey <frey@eecs.berkeley.edu>
alias frueh Christian Frueh <frueh@eecs.berkeley.edu>
alias fscho Franklin Seung Cho <fscho@eecs.berkeley.edu>
alias ftp-arch CS Anonymous FTP Admin <ftp-arch@eecs.berkeley.edu>
alias fyu Fang Yu <fyu@eecs.berkeley.edu>
alias gac CAMPBELL <gac@eecs.berkeley.edu>
alias gamil Gamil Serag Eldin <gamil@eecs.berkeley.edu>
alias ganache Cynthia Almazol <ganache@eecs.berkeley.edu>
alias ganesan Ashwin Ganesan <ganesan@eecs.berkeley.edu>
alias ganglliu Gang L. Liu <ganglliu@eecs.berkeley.edu>
alias gaodi Di Gao <gaodi@eecs.berkeley.edu>
alias garrettj Jacobson <garrettj@eecs.berkeley.edu>
alias garrigue Pierre Jerome Garrigues <garrigue@eecs.berkeley.edu>
alias garth Garth Robins <garth@eecs.berkeley.edu>
alias garyb Gary Baldwin <garyb@eecs.berkeley.edu>
alias garyh Gary Hsieh <garyh@eecs.berkeley.edu>
alias gavazza Joe Gavazza <gavazza@eecs.berkeley.edu>
alias gballs Greg Balls <gballs@eecs.berkeley.edu>
alias gdb Gueorgui Borchoukov <gdb@eecs.berkeley.edu>
alias gdgib GIBELING <gdgib@eecs.berkeley.edu>
alias gdtuazon GINACARLADEOCAREZA TUAZON <gdtuazon@eecs.berkeley.edu>
alias gebis Joseph James Gebis <gebis@eecs.berkeley.edu>
alias geels Dennis Geels <geels@eecs.berkeley.edu>
alias geirea Gabriel Eirea <geirea@eecs.berkeley.edu>
alias geksiong Gek Siong Low <geksiong@eecs.berkeley.edu>
alias gendflor Jason Michael Broad <gendflor@eecs.berkeley.edu>
alias gene Eugene W. Myers <gene@eecs.berkeley.edu>
alias genewa Eugene Wachspress <genewa@eecs.berkeley.edu>
alias gennari Frank Gennari <gennari@eecs.berkeley.edu>
alias geoffcm GEOFFREYCHARLES MORRISON <geoffcm@eecs.berkeley.edu>
alias geraldw Guoqiang Wang <geraldw@eecs.berkeley.edu>
alias gerelee Gerelee Goltsev <gerelee@eecs.berkeley.edu>
alias gert Gert Lanckriet <gert@eecs.berkeley.edu>
alias get Gilman Edwin Tolle <get@eecs.berkeley.edu>
alias gianniq Gianni Quartiero <gianniq@eecs.berkeley.edu>
alias gin Helena Gin <gin@eecs.berkeley.edu>
alias ginav Gina Vittori <ginav@eecs.berkeley.edu>
alias ginger Ginger Ogle <ginger@eecs.berkeley.edu>
alias givelber Edward Givelberg <givelber@eecs.berkeley.edu>
alias gkelson Gary Kelson <gkelson@eecs.berkeley.edu>
alias glendajs Glenda Smith <glendajs@eecs.berkeley.edu>
alias gloriag Gloria Garcia <gloriag@eecs.berkeley.edu>
alias gmatus Gabe Matus <gmatus@eecs.berkeley.edu>
alias gmc Gregory McIntyre <gmc@eecs.berkeley.edu>
alias gmhenry Greg Henry <gmhenry@eecs.berkeley.edu>
alias gmoy Gabriel Moy <gmoy@eecs.berkeley.edu>
alias godbole godbole <godbole@eecs.berkeley.edu>
alias goktekin Tolga Goktekin <goktekin@eecs.berkeley.edu>
alias goldberg Ken Goldberg <goldberg@eecs.berkeley.edu>
alias golts Olga Holtz <golts@eecs.berkeley.edu>
alias gopher CS Gopher <gopher@eecs.berkeley.edu>
alias goto Albert John Goto <goto@eecs.berkeley.edu>
alias gottlob Georg Gottlob <gottlob@eecs.berkeley.edu>
alias gporter George Porter <gporter@eecs.berkeley.edu>
alias grace_pe BSAC GA(Piccola) <grace_pe@eecs.berkeley.edu>
alias gracev VESOM <gracev@eecs.berkeley.edu>
alias grafix Graphics Laboratory <grafix@eecs.berkeley.edu>
alias greenp Paul Elijah Green <greenp@eecs.berkeley.edu>
alias gregl Gregory Lawrence <gregl@eecs.berkeley.edu>
alias gregor Gregor Goessler <gregor@eecs.berkeley.edu>
alias gretchen Gretchen Sanderson <gretchen@eecs.berkeley.edu>
alias gries Matthias Gries <gries@eecs.berkeley.edu>
alias gromit SU <gromit@eecs.berkeley.edu>
alias gros Jerome Gros <gros@eecs.berkeley.edu>
alias grossgla Matthias Grossglauser <grossgla@eecs.berkeley.edu>
alias gudavall Ram Naresh Gudavalli <gudavall@eecs.berkeley.edu>
alias gudrun Gudrun De Gersem <gudrun@eecs.berkeley.edu>
alias guest guest <guest@eecs.berkeley.edu>
alias guille Guillermo Diez Canas <guille@eecs.berkeley.edu>
alias gulwani Sumit Gulwani <gulwani@eecs.berkeley.edu>
alias gunnar Gunnar Proppe <gunnar@eecs.berkeley.edu>
alias guptar Rajarshi Gupta <guptar@eecs.berkeley.edu>
alias gurd John Richard Gurd <gurd@eecs.berkeley.edu>
alias gus Gus Monino <gus@eecs.berkeley.edu>
alias guyang Guang Yang <guyang@eecs.berkeley.edu>
alias gwenl Gwen Lindsey <gwenl@eecs.berkeley.edu>
alias haddon John Haddon <haddon@eecs.berkeley.edu>
alias hagouel Paul Hagouel <hagouel@eecs.berkeley.edu>
alias haidehk Haideh Khorramabadi <haidehk@eecs.berkeley.edu>
alias hales Lisa Hales <hales@eecs.berkeley.edu>
alias hallgren Sean Hallgren <hallgren@eecs.berkeley.edu>
alias hansen82 Hansen Bow <hansen82@eecs.berkeley.edu>
alias hao Chih-hao_2 Chang <hao@eecs.berkeley.edu>
alias harchol Mor Harchol-Balter <harchol@eecs.berkeley.edu>
alias harmonia Harmonia Project <harmonia@eecs.berkeley.edu>
alias harrisod David Harrison <harrisod@eecs.berkeley.edu>
alias harrison Michael Harrison <harrison@eecs.berkeley.edu>
alias hazen Daniel Adam Hazen <hazen@eecs.berkeley.edu>
alias hchen Hao Chen <hchen@eecs.berkeley.edu>
alias hchoo Hyuck Choo <hchoo@eecs.berkeley.edu>
alias hcshim HYUNCHUL SHIM <hcshim@eecs.berkeley.edu>
alias hdinh Hiep Dinh <hdinh@eecs.berkeley.edu>
alias heffley Lisa Heffley <heffley@eecs.berkeley.edu>
alias heikam KAM <heikam@eecs.berkeley.edu>
alias helenkim Helen Kim <helenkim@eecs.berkeley.edu>
alias henrylin Henry Chih-Heng Lin <henrylin@eecs.berkeley.edu>
alias hernan Pat Hernan <hernan@eecs.berkeley.edu>
alias herrick Jesse Herrick <herrick@eecs.berkeley.edu>
alias hesham Hesham Kamel <hesham@eecs.berkeley.edu>
alias heydari Babak Heydari <heydari@eecs.berkeley.edu>
alias heydavid David Park <heydavid@eecs.berkeley.edu>
alias hfait Holly Fait <hfait@eecs.berkeley.edu>
alias hfuh Hanching Fuh <hfuh@eecs.berkeley.edu>
alias hideaki Hideaki Oshima <hideaki@eecs.berkeley.edu>
alias higham Nick Higham <higham@eecs.berkeley.edu>
alias hildrum Kris Hildrum <hildrum@eecs.berkeley.edu>
alias hjames JAMESFONG-JEN HSU <hjames@eecs.berkeley.edu>
alias hjones Heather Jones <hjones@eecs.berkeley.edu>
alias hksteven HOCHAK HUNG <hksteven@eecs.berkeley.edu>
alias hlih Lih <hlih@eecs.berkeley.edu>
alias hling Ling Huang <hling@eecs.berkeley.edu>
alias hmb Hans-Martin Bluethgen <hmb@eecs.berkeley.edu>
alias hodes Todd Hodes <hodes@eecs.berkeley.edu>
alias hoeteck Hoeteck Wee <hoeteck@eecs.berkeley.edu>
alias hohltb Barbara Hohlt <hohltb@eecs.berkeley.edu>
alias holtz William Holtz <holtz@eecs.berkeley.edu>
alias hongha Hong-Ha Hoang <hongha@eecs.berkeley.edu>
alias hoon ByungHoon Kang <hoon@eecs.berkeley.edu>
alias hormozd Hormozd Benjamin Gahvari <hormozd@eecs.berkeley.edu>
alias horvath Attila Horvath <horvath@eecs.berkeley.edu>
alias howe Roger Howe <howe@eecs.berkeley.edu>
alias hpc Hua-Pei Chen <hpc@eecs.berkeley.edu>
alias hread Heather Read <hread@eecs.berkeley.edu>
alias hsil Hsin-I Liu <hsil@eecs.berkeley.edu>
alias huangdc Daniel Huang <huangdc@eecs.berkeley.edu>
alias hubaux Jean-pierre Hubaux <hubaux@eecs.berkeley.edu>
alias huebsch Ryan Huebsch <huebsch@eecs.berkeley.edu>
alias huifangq Huifang Qin <huifangq@eecs.berkeley.edu>
alias hungpham Hung Pham <hungpham@eecs.berkeley.edu>
alias hurwitz Carol Hurwitz <hurwitz@eecs.berkeley.edu>
alias husain Husain Muzaffar <husain@eecs.berkeley.edu>
alias huxtable Scott Huxtable <huxtable@eecs.berkeley.edu>
alias hwatanab Hikaru Watanabe <hwatanab@eecs.berkeley.edu>
alias hweather Hakim Weatherspoon <hweather@eecs.berkeley.edu>
alias hyskim Hyongsuk Kim <hyskim@eecs.berkeley.edu>
alias hywong2 Hiu Yung Wong <hywong2@eecs.berkeley.edu>
alias hyzheng Haiyang Zheng <hyzheng@eecs.berkeley.edu>
alias iakovos Iakovos Mavroidis <iakovos@eecs.berkeley.edu>
alias iang Ian Goldberg <iang@eecs.berkeley.edu>
alias ianli Ian_Li <ianli@eecs.berkeley.edu>
alias iben Hayley Iben <iben@eecs.berkeley.edu>
alias icetrey Thomas H. Cauley <icetrey@eecs.berkeley.edu>
alias ienadjak Irena Emilova Nadjakova <ienadjak@eecs.berkeley.edu>
alias ilyas Ilya Shpitser <ilyas@eecs.berkeley.edu>
alias imgdba IMG DBA <imgdba@eecs.berkeley.edu>
alias imitchel Ian Mitchell <imitchel@eecs.berkeley.edu>
alias inderjit Dhillon Inderjit Singh <inderjit@eecs.berkeley.edu>
alias inkyu Inkyu Park <inkyu@eecs.berkeley.edu>
alias inori Ryan Stejskal <inori@eecs.berkeley.edu>
alias intropia Sang-Won Park <intropia@eecs.berkeley.edu>
alias ioffe Sergey Ioffe <ioffe@eecs.berkeley.edu>
alias iritd Irit Dinur <iritd@eecs.berkeley.edu>
alias ishikawa Tomohiro Ishikawa <ishikawa@eecs.berkeley.edu>
alias ishwar Ishwar <ishwar@eecs.berkeley.edu>
alias istoica Ion Stoica <istoica@eecs.berkeley.edu>
alias ivillan ivillan <ivillan@eecs.berkeley.edu>
alias iychen I_Yang Chen <iychen@eecs.berkeley.edu>
alias j-yen JANE_AJI YEN <j-yen@eecs.berkeley.edu>
alias jack Jack Li <jack@eecs.berkeley.edu>
alias jacob West <jacob@eecs.berkeley.edu>
alias jaein Jaein Jeong <jaein@eecs.berkeley.edu>
alias jaety John Edwards <jaety@eecs.berkeley.edu>
alias jali Jali Heilmann <jali@eecs.berkeley.edu>
alias jamshidi Babak Jamshidi <jamshidi@eecs.berkeley.edu>
alias janavg Jana Van Greunen <janavg@eecs.berkeley.edu>
alias janetshu Janet Shu <janetshu@eecs.berkeley.edu>
alias janexi Jane Xi <janexi@eecs.berkeley.edu>
alias janka Jana Kosecka <janka@eecs.berkeley.edu>
alias janmejia Janine Mejia <janmejia@eecs.berkeley.edu>
alias janneck Joern Janneck <janneck@eecs.berkeley.edu>
alias janp Jan Pardoe <janp@eecs.berkeley.edu>
alias jared Jared Zerbe <jared@eecs.berkeley.edu>
alias jasonh Jason Hong <jasonh@eecs.berkeley.edu>
alias jba John B. Accinelli <jba@eecs.berkeley.edu>
alias jbaio28 Joe Baio <jbaio28@eecs.berkeley.edu>
alias jbkirby KIRBY <jbkirby@eecs.berkeley.edu>
alias jblack JUSTIN BLACK <jblack@eecs.berkeley.edu>
alias jbokor Jeff Bokor <jbokor@eecs.berkeley.edu>
alias jbrabec Jennifer Brabec <jbrabec@eecs.berkeley.edu>
alias jcain Jason Cain <jcain@eecs.berkeley.edu>
alias jcalizo Jose Calizo <jcalizo@eecs.berkeley.edu>
alias jchuang John Chuang <jchuang@eecs.berkeley.edu>
alias jcondit Jeremy Condit <jcondit@eecs.berkeley.edu>
alias jcwest WEST <jcwest@eecs.berkeley.edu>
alias jdavis Jo Davis <jdavis@eecs.berkeley.edu>
alias jdf jdf <jdf@eecs.berkeley.edu>
alias jduell Jason Clark Duell <jduell@eecs.berkeley.edu>
alias jeanette Jeanette Palwick <jeanette@eecs.berkeley.edu>
alias jeffery Shawn Ryan Jeffery <jeffery@eecs.berkeley.edu>
alias jeffw Jeff Wilkinson <jeffw@eecs.berkeley.edu>
alias jengo Jennifer Gomez <jengo@eecs.berkeley.edu>
alias jenhall Jennifer Hall <jenhall@eecs.berkeley.edu>
alias jennifer Jennifer Dawson <jennifer@eecs.berkeley.edu>
alias jensg GROSSKLAGS <jensg@eecs.berkeley.edu>
alias jerryluk LUK <jerryluk@eecs.berkeley.edu>
alias jesnjosh Jessica Gamble <jesnjosh@eecs.berkeley.edu>
alias jesusc Jesus Cid-Sueiro <jesusc@eecs.berkeley.edu>
alias jevan Furmanski <jevan@eecs.berkeley.edu>
alias jfc John Canny <jfc@eecs.berkeley.edu>
alias jfeldman Jerry Feldman <jfeldman@eecs.berkeley.edu>
alias jfire Firebaugh <jfire@eecs.berkeley.edu>
alias jfoster Jeff Foster <jfoster@eecs.berkeley.edu>
alias jfrank Jeremy Frank <jfrank@eecs.berkeley.edu>
alias jgding Jiagen Ding <jgding@eecs.berkeley.edu>
alias jgenauer Joshua Genauer <jgenauer@eecs.berkeley.edu>
alias jgf James G. Fung <jgf@eecs.berkeley.edu>
alias jgomez Jose Gomez <jgomez@eecs.berkeley.edu>
alias jhala Ranjit Jhala <jhala@eecs.berkeley.edu>
alias jhammel Jeffrey Hammel <jhammel@eecs.berkeley.edu>
alias jhauser John Hauser <jhauser@eecs.berkeley.edu>
alias jheer Jeffrey Michael Heer <jheer@eecs.berkeley.edu>
alias jheppner Joshua Heppner <jheppner@eecs.berkeley.edu>
alias jhill Jason Hill <jhill@eecs.berkeley.edu>
alias jhliao jhliao <jhliao@eecs.berkeley.edu>
alias jhouser John Houser <jhouser@eecs.berkeley.edu>
alias jhuggins John Huggins <jhuggins@eecs.berkeley.edu>
alias jhurst Jon Hurst <jhurst@eecs.berkeley.edu>
alias jia Zhanfeng Jia <jia@eecs.berkeley.edu>
alias jiahau James Yeh <jiahau@eecs.berkeley.edu>
alias jianghai Jianghai Hu <jianghai@eecs.berkeley.edu>
alias jianwah Jianwah Lock <jianwah@eecs.berkeley.edu>
alias jieae Jieae A. Goo <jieae@eecs.berkeley.edu>
alias jiejiang Jie-Hong Jiang <jiejiang@eecs.berkeley.edu>
alias jiezhou Jie Zhou <jiezhou@eecs.berkeley.edu>
alias jimchou Jim_Chen Chou <jimchou@eecs.berkeley.edu>
alias jimlin James Lin <jimlin@eecs.berkeley.edu>
alias jimmygmc Jimmy G. M. Chang <jimmygmc@eecs.berkeley.edu>
alias jimmyho Jimmy Ho <jimmyho@eecs.berkeley.edu>
alias jimmysu Jimmy Zhigang Su <jimmysu@eecs.berkeley.edu>
alias jin Hyoun Jin Kim <jin@eecs.berkeley.edu>
alias jinger Jinger Zhao <jinger@eecs.berkeley.edu>
alias jingtaow Jingtao Wang <jingtaow@eecs.berkeley.edu>
alias jinhe Jin He <jinhe@eecs.berkeley.edu>
alias jiny28 Hyun Jin Moon <jiny28@eecs.berkeley.edu>
alias jittat Jittat Fakcharoenphol <jittat@eecs.berkeley.edu>
alias jjamison Johnathon Jamison <jjamison@eecs.berkeley.edu>
alias jjtsao TSAO <jjtsao@eecs.berkeley.edu>
alias jkeller John Keller <jkeller@eecs.berkeley.edu>
alias jkenl LEE <jkenl@eecs.berkeley.edu>
alias jkeren Iordanis Kerenidis <jkeren@eecs.berkeley.edu>
alias jkimdon Joey A. Kimdon <jkimdon@eecs.berkeley.edu>
alias jkirsh Jeffrey Kirshberg <jkirsh@eecs.berkeley.edu>
alias jkodumal John Kodumal <jkodumal@eecs.berkeley.edu>
alias jkuroda jon kuroda <jkuroda@eecs.berkeley.edu>
alias jlacome Jessie LaCome <jlacome@eecs.berkeley.edu>
alias jlai Joanna T. Lai <jlai@eecs.berkeley.edu>
alias jli Jonathan Li <jli@eecs.berkeley.edu>
alias jlyuan JIALIN YUAN <jlyuan@eecs.berkeley.edu>
alias jmacd Josh MacDonald <jmacd@eecs.berkeley.edu>
alias jmankoff Jennifer Mankoff <jmankoff@eecs.berkeley.edu>
alias jmh Joseph Hellerstein <jmh@eecs.berkeley.edu>
alias jmiller Joseph Miller <jmiller@eecs.berkeley.edu>
alias jmoondan John Moondanos <jmoondan@eecs.berkeley.edu>
alias jmurph Jim Murphy <jmurph@eecs.berkeley.edu>
alias jnovak Jasmine Novak <jnovak@eecs.berkeley.edu>
alias job James O'Brien <job@eecs.berkeley.edu>
alias joec Joe Chung <joec@eecs.berkeley.edu>
alias joelkim Joel Kim <joelkim@eecs.berkeley.edu>
alias joeyan Joseph Yan <joeyan@eecs.berkeley.edu>
alias jog Anand V Jog <jog@eecs.berkeley.edu>
alias johan JOHAN_GUNAWAN SALEH <johan@eecs.berkeley.edu>
alias johnpli John Li <johnpli@eecs.berkeley.edu>
alias johnr John Reekie <johnr@eecs.berkeley.edu>
alias johnv johnv <johnv@eecs.berkeley.edu>
alias johnw John Wawrzynek <johnw@eecs.berkeley.edu>
alias jonah Jeff Anderson-Lee <jonah@eecs.berkeley.edu>
alias jongho Jongho Lee <jongho@eecs.berkeley.edu>
alias jonhsu HSU <jonhsu@eecs.berkeley.edu>
alias jonnovak Jon Novak <jonnovak@eecs.berkeley.edu>
alias jont Jonathan Traupman <jont@eecs.berkeley.edu>
alias jontae Jontae Gray <jontae@eecs.berkeley.edu>
alias jontse Jonathan Gee-Cheung Tse <jontse@eecs.berkeley.edu>
alias jordan Michael Jordan <jordan@eecs.berkeley.edu>
alias jordans Jordan Philip Smith <jordans@eecs.berkeley.edu>
alias josei Josephine Bea Lee <josei@eecs.berkeley.edu>
alias josephwu Joseph Wu <josephwu@eecs.berkeley.edu>
alias joshuag Joshua Garrett <joshuag@eecs.berkeley.edu>
alias joyceg Joyce Gross <joyceg@eecs.berkeley.edu>
alias jpeinado JoAnne Peinado <jpeinado@eecs.berkeley.edu>
alias jporter JAMES_MARVIN_JR PORTER <jporter@eecs.berkeley.edu>
alias jprovine J. Provine <jprovine@eecs.berkeley.edu>
alias jpv Johan Peter Vanderhaegen <jpv@eecs.berkeley.edu>
alias jpvainio Jukka-Pekka Vainio <jpvainio@eecs.berkeley.edu>
alias jra3 Jeannie Albrecht <jra3@eecs.berkeley.edu>
alias jrheaume Jonathan M Rheaume <jrheaume@eecs.berkeley.edu>
alias jrl James Lee <jrl@eecs.berkeley.edu>
alias jrleek James R. Leek <jrleek@eecs.berkeley.edu>
alias jrosario Jose D Rosario-Rosario <jrosario@eecs.berkeley.edu>
alias jrs Jonathan Shewchuk <jrs@eecs.berkeley.edu>
alias jrvb James Robert von Behren <jrvb@eecs.berkeley.edu>
alias jscalf jscalf <jscalf@eecs.berkeley.edu>
alias jschiff Schiff <jschiff@eecs.berkeley.edu>
alias jschwehr Jaclyn Schwehr <jschwehr@eecs.berkeley.edu>
alias jshih Jimmy Ssu-Ging Shih <jshih@eecs.berkeley.edu>
alias jsinger Jerome Singer <jsinger@eecs.berkeley.edu>
alias jsingh Jagdeep Singh Hansra <jsingh@eecs.berkeley.edu>
alias jsmith J. Smith <jsmith@eecs.berkeley.edu>
alias jsrhee Jeannie S Rhee <jsrhee@eecs.berkeley.edu>
alias jssc Bernhard (IEEE) Boser <jssc@eecs.berkeley.edu>
alias jstone Jennifer Stone <jstone@eecs.berkeley.edu>
alias jsw WADE <jsw@eecs.berkeley.edu>
alias jtc Johnny Chang <jtc@eecs.berkeley.edu>
alias jtkung Joseph Kung <jtkung@eecs.berkeley.edu>
alias jtstauth Jason Thaine Stauth <jtstauth@eecs.berkeley.edu>
alias judyf Judy Fong <judyf@eecs.berkeley.edu>
alias juliea Julie Aquino <juliea@eecs.berkeley.edu>
alias junewang Jiajun Wang <junewang@eecs.berkeley.edu>
alias jvclark jvclark <jvclark@eecs.berkeley.edu>
alias jwaddle Jason Waddle <jwaddle@eecs.berkeley.edu>
alias jwall John Wall <jwall@eecs.berkeley.edu>
alias jwhui Jonathan W Hui <jwhui@eecs.berkeley.edu>
alias jwpchen Jeng-Wenpeter Chen <jwpchen@eecs.berkeley.edu>
alias jy33 Andrew Yeh <jy33@eecs.berkeley.edu>
alias jyeh Joseph Yeh <jyeh@eecs.berkeley.edu>
alias kaboakye  <kaboakye@eecs.berkeley.edu>
alias kalker Ton Kalker <kalker@eecs.berkeley.edu>
alias kamalika Kamalika Chaudhuri <kamalika@eecs.berkeley.edu>
alias kamil Amir Ashraf Kamil <kamil@eecs.berkeley.edu>
alias kamin Kamin Whitehouse <kamin@eecs.berkeley.edu>
alias kaminow Ivan P. Kaminow <kaminow@eecs.berkeley.edu>
alias kannanr Kannan Ramchandran <kannanr@eecs.berkeley.edu>
alias kaos Sean Wen Kao <kaos@eecs.berkeley.edu>
alias karaya1 Andrev V. Kolobov <karaya1@eecs.berkeley.edu>
alias karenng Kit Yee Ng <karenng@eecs.berkeley.edu>
alias kari Kari Hansen <kari@eecs.berkeley.edu>
alias karl Karl Berry. <karl@eecs.berkeley.edu>
alias karloff Howard Karloff <karloff@eecs.berkeley.edu>
alias karthik Karthik Lakshminarayanan <karthik@eecs.berkeley.edu>
alias kaschen Konrad Aschenbach <kaschen@eecs.berkeley.edu>
alias kathyb Katherine Buchheit <kathyb@eecs.berkeley.edu>
alias kaushal SANGHAVI <kaushal@eecs.berkeley.edu>
alias kaushikr Kaushik Ravindran <kaushikr@eecs.berkeley.edu>
alias kazunari Ishimaru Kazunari <kazunari@eecs.berkeley.edu>
alias kbcheng Kan Bun Cheng <kbcheng@eecs.berkeley.edu>
alias kblee Ki Bang Lee <kblee@eecs.berkeley.edu>
alias kcamera KEVINBRANDON CAMERA <kcamera@eecs.berkeley.edu>
alias kdatta Kaushik Datta <kdatta@eecs.berkeley.edu>
alias keller Ed Keller <keller@eecs.berkeley.edu>
alias kellogg kellogg <kellogg@eecs.berkeley.edu>
alias kelvinso SO <kelvinso@eecs.berkeley.edu>
alias kempe Julia Kempe <kempe@eecs.berkeley.edu>
alias kenjioba Kenji Obata <kenjioba@eecs.berkeley.edu>
alias kenmh Kenneth Harada <kenmh@eecs.berkeley.edu>
alias kennyk Kenneth J. Kahrs <kennyk@eecs.berkeley.edu>
alias kenwoj Kenneth_Edward Wojciechowski <kenwoj@eecs.berkeley.edu>
alias kenyee Kenneth Yee <kenyee@eecs.berkeley.edu>
alias kenyon Claire Kenyon <kenyon@eecs.berkeley.edu>
alias keswaran Krishnan Eswaran <keswaran@eecs.berkeley.edu>
alias kevinc Kevin Chen <kevinc@eecs.berkeley.edu>
alias kevinf Kevin Flynn <kevinf@eecs.berkeley.edu>
alias kevinm Kevin Mullally <kevinm@eecs.berkeley.edu>
alias kevtom Kevin A. Tom <kevtom@eecs.berkeley.edu>
alias kfall Kevin Fall <kfall@eecs.berkeley.edu>
alias kfoster Karmyn Foster <kfoster@eecs.berkeley.edu>
alias kgao Kun Gao <kgao@eecs.berkeley.edu>
alias khauser Kriskarl Hauser <khauser@eecs.berkeley.edu>
alias khc khc <khc@eecs.berkeley.edu>
alias khossrov khossrov <khossrov@eecs.berkeley.edu>
alias kihun KI-HUN JEONG <kihun@eecs.berkeley.edu>
alias kimmo Kimmo Kuusilinna <kimmo@eecs.berkeley.edu>
alias kinyip Kin-Yip Phoa <kinyip@eecs.berkeley.edu>
alias kjk Jayanth Kumar Kannan <kjk@eecs.berkeley.edu>
alias kkat Kathy Nester <kkat@eecs.berkeley.edu>
alias kkramer Kurt Donald Kramer <kkramer@eecs.berkeley.edu>
alias klara Klara Nahrstedt <klara@eecs.berkeley.edu>
alias klau Kam Lau <klau@eecs.berkeley.edu>
alias kleinber Jon Kleinberg <kleinber@eecs.berkeley.edu>
alias klscott Karen Lemay Scott <klscott@eecs.berkeley.edu>
alias kmnguyen NGUYEN <kmnguyen@eecs.berkeley.edu>
alias kobus Jacobus Barnard <kobus@eecs.berkeley.edu>
alias kolja Kolja Sulimma <kolja@eecs.berkeley.edu>
alias koo koo <koo@eecs.berkeley.edu>
alias koslofto Todd Jerome Kosloff <koslofto@eecs.berkeley.edu>
alias kozyraki Christoforos Kozyrakis <kozyraki@eecs.berkeley.edu>
alias kpatel Ketan Dasharath Meyer-Patel <kpatel@eecs.berkeley.edu>
alias kraitch mark kraitchman <kraitch@eecs.berkeley.edu>
alias krc Kirsten Chevalier <krc@eecs.berkeley.edu>
alias kreyes Katherine Reyes <kreyes@eecs.berkeley.edu>
alias kristen Kirsten Larson <kristen@eecs.berkeley.edu>
alias krobbins Katy Robbins <krobbins@eecs.berkeley.edu>
alias kubitron John Kubiatowicz <kubitron@eecs.berkeley.edu>
alias kuehl Andreas Kuehlmann <kuehl@eecs.berkeley.edu>
alias kunal Kunal Talwar <kunal@eecs.berkeley.edu>
alias kunzman Charles Kunzman <kunzman@eecs.berkeley.edu>
alias kurzhans Alexander Kurzhanski <kurzhans@eecs.berkeley.edu>
alias kushalc CHAKRABARTI <kushalc@eecs.berkeley.edu>
alias kusuma Julius Kusuma <kusuma@eecs.berkeley.edu>
alias kwei Kai Wei <kwei@eecs.berkeley.edu>
alias kwright Kristin Wright <kwright@eecs.berkeley.edu>
alias kyn NG <kyn@eecs.berkeley.edu>
alias lacker Kevin D Lacker <lacker@eecs.berkeley.edu>
alias laik KEVIN I-SEN LAI <laik@eecs.berkeley.edu>
alias lakhia Ali Abbas Lakhia <lakhia@eecs.berkeley.edu>
alias lakme Lakshminarayanan Subramanian <lakme@eecs.berkeley.edu>
alias lakshmin Shyam Lakshmin <lakshmin@eecs.berkeley.edu>
alias lamb BRUCEHOI-YIP LAM <lamb@eecs.berkeley.edu>
alias landay James Landay <landay@eecs.berkeley.edu>
alias larry & Rowe <larry@eecs.berkeley.edu>
alias larryt Larry Thompson <larryt@eecs.berkeley.edu>
alias larson Robert Larson <larson@eecs.berkeley.edu>
alias larsrohr Lars Rohrbach <larsrohr@eecs.berkeley.edu>
alias lashana LaShana Porlaris <lashana@eecs.berkeley.edu>
alias lasnake Anshi Liang <lasnake@eecs.berkeley.edu>
alias latham David D Latham <latham@eecs.berkeley.edu>
alias laued EDMONDWAI-MING LAU <laued@eecs.berkeley.edu>
alias laura Laura Downs <laura@eecs.berkeley.edu>
alias laurap Laura Pozzi <laurap@eecs.berkeley.edu>
alias laurence Laurence Arcadias <laurence@eecs.berkeley.edu>
alias lauro Jesse J. Lauro <lauro@eecs.berkeley.edu>
alias law Katherina Law <law@eecs.berkeley.edu>
alias lazzaro John Lazzaro <lazzaro@eecs.berkeley.edu>
alias lbailey Lauren Bailey <lbailey@eecs.berkeley.edu>
alias lcarloni Luca Carloni <lcarloni@eecs.berkeley.edu>
alias lchu Chu Lillian <lchu@eecs.berkeley.edu>
alias ldoherty Lance Doherty <ldoherty@eecs.berkeley.edu>
alias lederer Scott Lederer <lederer@eecs.berkeley.edu>
alias lee1225 Joo Yong Lee <lee1225@eecs.berkeley.edu>
alias leifarne Leif Arne Ronningen <leifarne@eecs.berkeley.edu>
alias leila Leila Takayama <leila@eecs.berkeley.edu>
alias lennien Laneida Nakagawa <lennien@eecs.berkeley.edu>
alias leonardc Leonard Chi-Chiu Chung <leonardc@eecs.berkeley.edu>
alias leopando Shemida Leopando <leopando@eecs.berkeley.edu>
alias lesliei Leslie Kanani Michiko Ikemoto <lesliei@eecs.berkeley.edu>
alias leullier leullier <leullier@eecs.berkeley.edu>
alias leungt Thomas Leung <leungt@eecs.berkeley.edu>
alias lewis Ted Lewis <lewis@eecs.berkeley.edu>
alias lgolds Leslie Goldstein <lgolds@eecs.berkeley.edu>
alias lgrokop Leonard Henry Grokop <lgrokop@eecs.berkeley.edu>
alias lianeb LIANESUSAN BECKMAN <lianeb@eecs.berkeley.edu>
alias liblit Ben Liblit <liblit@eecs.berkeley.edu>
alias lieber Michael Lieberman <lieber@eecs.berkeley.edu>
alias lih Lih Chen <lih@eecs.berkeley.edu>
alias lilianag Liliana Gonzalez <lilianag@eecs.berkeley.edu>
alias linan Mike Linan <linan@eecs.berkeley.edu>
alias linhai Linhai He <linhai@eecs.berkeley.edu>
alias lip Lawrence_Poi_Heng Ip <lip@eecs.berkeley.edu>
alias lippitt Bill Lippitt <lippitt@eecs.berkeley.edu>
alias lisachan LISAVIDA CHAN <lisachan@eecs.berkeley.edu>
alias little Dana Dee Little <little@eecs.berkeley.edu>
alias liugang Gang Liu <liugang@eecs.berkeley.edu>
alias liuj Jie Liu <liuj@eecs.berkeley.edu>
alias liupj Phillip Liu <liupj@eecs.berkeley.edu>
alias liuxj liuxj <liuxj@eecs.berkeley.edu>
alias ljilja Ljiljana Trajkovic <ljilja@eecs.berkeley.edu>
alias lmanly Linda Manly <lmanly@eecs.berkeley.edu>
alias lmuliadi lmuliadi <lmuliadi@eecs.berkeley.edu>
alias loarie Sunman <loarie@eecs.berkeley.edu>
alias lobay Tony Lobay <lobay@eecs.berkeley.edu>
alias lolitaw Lolita Wang <lolitaw@eecs.berkeley.edu>
alias lorch Jay Lorch <lorch@eecs.berkeley.edu>
alias loret Loretta Lutcher <loret@eecs.berkeley.edu>
alias loretta Loretta Willis <loretta@eecs.berkeley.edu>
alias lorieb Lorie Brofferio <lorieb@eecs.berkeley.edu>
alias lplee Luke Lee <lplee@eecs.berkeley.edu>
alias lstoll Lara Lynn Stoll <lstoll@eecs.berkeley.edu>
alias ltpang Liang Teck Pang <ltpang@eecs.berkeley.edu>
alias lucyz CONGYUN ZHANG <lucyz@eecs.berkeley.edu>
alias lukasc Lukas Chrostowski <lukasc@eecs.berkeley.edu>
alias luns Luns Tee <luns@eecs.berkeley.edu>
alias lusche Luca Schenato <lusche@eecs.berkeley.edu>
alias lvelling Latonia V Ellingberg <lvelling@eecs.berkeley.edu>
alias lwalk Laura Walker <lwalk@eecs.berkeley.edu>
alias lydia Lydia Briedis <lydia@eecs.berkeley.edu>
alias lygeros John Lygeros <lygeros@eecs.berkeley.edu>
alias lzhou Lixia Zhou <lzhou@eecs.berkeley.edu>
alias m1lam Michael Lam <m1lam@eecs.berkeley.edu>
alias machi Sridhar Machiraju <machi@eecs.berkeley.edu>
alias madams Mark Adams <madams@eecs.berkeley.edu>
alias madden Samuel Madden <madden@eecs.berkeley.edu>
alias maggie Magdalene L. Crowley <maggie@eecs.berkeley.edu>
alias makin Joseph Makin <makin@eecs.berkeley.edu>
alias mallen Adolph M. Allen <mallen@eecs.berkeley.edu>
alias mandelin David Mandelin <mandelin@eecs.berkeley.edu>
alias mandric Milan Andric <mandric@eecs.berkeley.edu>
alias manish Manish Shah <manish@eecs.berkeley.edu>
alias manu_s Manu Sridharan <manu_s@eecs.berkeley.edu>
alias maowei maowei <maowei@eecs.berkeley.edu>
alias maratb Marat Boshernitsan <maratb@eecs.berkeley.edu>
alias maravic Irena Maravic <maravic@eecs.berkeley.edu>
alias marci Marci Meingast <marci@eecs.berkeley.edu>
alias marcr Marc Ringuette <marcr@eecs.berkeley.edu>
alias marekk Marek Karpinski <marekk@eecs.berkeley.edu>
alias margie Margie Berger <margie@eecs.berkeley.edu>
alias mariaj Maria Jauregui <mariaj@eecs.berkeley.edu>
alias marianne Marianne Durand <marianne@eecs.berkeley.edu>
alias marked Mark Davis <marked@eecs.berkeley.edu>
alias mars Marcelino Enriquez <mars@eecs.berkeley.edu>
alias marti & Hearst <marti@eecs.berkeley.edu>
alias martin Martin Vetterli <martin@eecs.berkeley.edu>
alias marvinm Marvin Motley <marvinm@eecs.berkeley.edu>
alias maryamzm Maryam Ziaie-Moayyed <maryamzm@eecs.berkeley.edu>
alias maryc Mary Courtney <maryc@eecs.berkeley.edu>
alias marykj Mary Kelleher-jones <marykj@eecs.berkeley.edu>
alias marys Mary Stewart <marys@eecs.berkeley.edu>
alias mas Marcia Steinfeld <mas@eecs.berkeley.edu>
alias mashah Mehul Shah Shah <mashah@eecs.berkeley.edu>
alias massie Matt Massie <massie@eecs.berkeley.edu>
alias massimof Massimo Franceschetti <massimof@eecs.berkeley.edu>
alias mateus Carlos Mateus <mateus@eecs.berkeley.edu>
alias matic Slobodan Matic <matic@eecs.berkeley.edu>
alias matisu Manda Sutijono <matisu@eecs.berkeley.edu>
alias mattcarp Matthew Carpenter <mattcarp@eecs.berkeley.edu>
alias matth Matthew Harren <matth@eecs.berkeley.edu>
alias matthewm Matthew Hsiu-Kuang Muh <matthewm@eecs.berkeley.edu>
alias mattkam Matthew Boontian Kam <mattkam@eecs.berkeley.edu>
alias mattlast Matt Last <mattlast@eecs.berkeley.edu>
alias matulya Matulya Bansal <matulya@eecs.berkeley.edu>
alias maurog Ioannis Mavroidis <maurog@eecs.berkeley.edu>
alias mayank Mayank Sharma <mayank@eecs.berkeley.edu>
alias mayi Yi Ma <mayi@eecs.berkeley.edu>
alias mback Maribeth Back <mback@eecs.berkeley.edu>
alias mbharat Bharathwaj Muthuswamy <mbharat@eecs.berkeley.edu>
alias mcao Mitchell Cao <mcao@eecs.berkeley.edu>
alias mccaesar Matthew Caesar <mccaesar@eecs.berkeley.edu>
alias mcclell Michelle Mcclellan <mcclell@eecs.berkeley.edu>
alias mcenk Cenk Cavusoglu <mcenk@eecs.berkeley.edu>
alias mchan Mansun John Chan <mchan@eecs.berkeley.edu>
alias mckelvin Mark McKelvin <mckelvin@eecs.berkeley.edu>
alias mcmartin Michael Martin <mcmartin@eecs.berkeley.edu>
alias mcnally Scott McNally <mcnally@eecs.berkeley.edu>
alias mcneil Brian McNeil <mcneil@eecs.berkeley.edu>
alias mcpark MinCheol Park <mcpark@eecs.berkeley.edu>
alias mcqueen David McQueen <mcqueen@eecs.berkeley.edu>
alias mct Megan Thomas <mct@eecs.berkeley.edu>
alias mcyh Michael Chung-Yi Huang <mcyh@eecs.berkeley.edu>
alias mdecock Martine I.L. De Cock <mdecock@eecs.berkeley.edu>
alias mdel Michael Delorimier <mdel@eecs.berkeley.edu>
alias mdenny Matthew Denny <mdenny@eecs.berkeley.edu>
alias mdownes Michael Sean Downes <mdownes@eecs.berkeley.edu>
alias mds Mark David Spiller <mds@eecs.berkeley.edu>
alias mdscott Michael D. Scott <mdscott@eecs.berkeley.edu>
alias meifeng Meifeng Chen <meifeng@eecs.berkeley.edu>
alias meio Berkat S. Tung <meio@eecs.berkeley.edu>
alias mekhail mekhail <mekhail@eecs.berkeley.edu>
alias meling Ngo <meling@eecs.berkeley.edu>
alias mellers Sue Mellers <mellers@eecs.berkeley.edu>
alias melwong1 Melissa Wong <melwong1@eecs.berkeley.edu>
alias meng Xiaofan Meng <meng@eecs.berkeley.edu>
alias mengli mengli <mengli@eecs.berkeley.edu>
alias merport Todd Merport <merport@eecs.berkeley.edu>
alias meyoum Marie-Ange Eyoum <meyoum@eecs.berkeley.edu>
alias mfeldman MICHAL FELDMAN <mfeldman@eecs.berkeley.edu>
alias mgbordua Michael G. Bordua <mgbordua@eecs.berkeley.edu>
alias mhamler Michael Hamler <mhamler@eecs.berkeley.edu>
alias mhassibi Mahnaz Hassibi <mhassibi@eecs.berkeley.edu>
alias mhgraham Martin Graham <mhgraham@eecs.berkeley.edu>
alias mhoemmen Mark Frederick Hoemmen <mhoemmen@eecs.berkeley.edu>
alias mhoward Mike Howard <mhoward@eecs.berkeley.edu>
alias micah Micah Adler <micah@eecs.berkeley.edu>
alias michen Michelle Chen <michen@eecs.berkeley.edu>
alias mihut Mihut Ionescu <mihut@eecs.berkeley.edu>
alias mikechen Michael Chen <mikechen@eecs.berkeley.edu>
alias mikele mikele <mikele@eecs.berkeley.edu>
alias mikemm Michael Matsumura <mikemm@eecs.berkeley.edu>
alias mikeym Michael Malkin <mikeym@eecs.berkeley.edu>
alias milch Brian Milch <milch@eecs.berkeley.edu>
alias millert Tamara Miller <millert@eecs.berkeley.edu>
alias minero Paolo Minero <minero@eecs.berkeley.edu>
alias minggu Ming Gu <minggu@eecs.berkeley.edu>
alias minghua Minghua Chen <minghua@eecs.berkeley.edu>
alias mingshaw Mingshaw Wu <mingshaw@eecs.berkeley.edu>
alias minjong KIM <minjong@eecs.berkeley.edu>
alias miquila Miquila Alejandre <miquila@eecs.berkeley.edu>
alias miranian Flora Miranian <miranian@eecs.berkeley.edu>
alias mitter Sanjoy Mitter <mitter@eecs.berkeley.edu>
alias miyoko Miyoko Deschamps <miyoko@eecs.berkeley.edu>
alias mjf Mark Friedman <mjf@eecs.berkeley.edu>
alias mjohnson Mark Johnson <mjohnson@eecs.berkeley.edu>
alias mju Marcin Jurdzinski <mju@eecs.berkeley.edu>
alias mkbyrnes Mary Byrnes <mkbyrnes@eecs.berkeley.edu>
alias mkraft Michael Kraft <mkraft@eecs.berkeley.edu>
alias mliao Michael Liao <mliao@eecs.berkeley.edu>
alias mllee Lee <mllee@eecs.berkeley.edu>
alias mmaire Michael Randolph Maire <mmaire@eecs.berkeley.edu>
alias mmc Monica Chew <mmc@eecs.berkeley.edu>
alias mmoewe Michael James Moewe <mmoewe@eecs.berkeley.edu>
alias mohammad Mohammad Jafari-Nejad <mohammad@eecs.berkeley.edu>
alias mohit Mohit Agarwal <mohit@eecs.berkeley.edu>
alias moks MAKSIM OKS <moks@eecs.berkeley.edu>
alias molesas Steven Molesa <molesas@eecs.berkeley.edu>
alias monika Monika Henzinger <monika@eecs.berkeley.edu>
alias montagne Vinicius Montagner <montagne@eecs.berkeley.edu>
alias morgan Nelson Morgan <morgan@eecs.berkeley.edu>
alias mori Gregory Mori <mori@eecs.berkeley.edu>
alias morpheus Siddharth Jain <morpheus@eecs.berkeley.edu>
alias moshar AMIR_AHMAD MOSHAR <moshar@eecs.berkeley.edu>
alias moskewcz Matthew Moskewicz <moskewcz@eecs.berkeley.edu>
alias moss Moss Server <moss@eecs.berkeley.edu>
alias mossel Elchanon Mossel <mossel@eecs.berkeley.edu>
alias motamed Mariam Motamed <motamed@eecs.berkeley.edu>
alias mounir Mounir Bohsali <mounir@eecs.berkeley.edu>
alias mpc Mark Paul Chew <mpc@eecs.berkeley.edu>
alias mpearson Mark Roth Pearson <mpearson@eecs.berkeley.edu>
alias mpm Michael P Manzo <mpm@eecs.berkeley.edu>
alias msanvido Marco Sanvido <msanvido@eecs.berkeley.edu>
alias msasson Michael-David Sasson <msasson@eecs.berkeley.edu>
alias mseeger Matthias Seeger <mseeger@eecs.berkeley.edu>
alias mseth Manu Seth <mseth@eecs.berkeley.edu>
alias mshe Min She <mshe@eecs.berkeley.edu>
alias mswanger Mitchell Swanger <mswanger@eecs.berkeley.edu>
alias mtwu Ming Ting Wu <mtwu@eecs.berkeley.edu>
alias mukunds Mukund Seshadri <mukunds@eecs.berkeley.edu>
alias musacchj John Musacchj <musacchj@eecs.berkeley.edu>
alias mvw Michael Victor Williamson <mvw@eecs.berkeley.edu>
alias mwasilik Matthew Wasilik <mwasilik@eecs.berkeley.edu>
alias mxu Mei Xu <mxu@eecs.berkeley.edu>
alias mzhou Min Zhou <mzhou@eecs.berkeley.edu>
alias nadai Maurizio Nadai <nadai@eecs.berkeley.edu>
alias naerbnic Brian Chin <naerbnic@eecs.berkeley.edu>
alias nagel Bruno Nagel <nagel@eecs.berkeley.edu>
alias nai Nai Saechao <nai@eecs.berkeley.edu>
alias najeem Najeem Bahram <najeem@eecs.berkeley.edu>
alias nakov Preslav Ivanov Nakov <nakov@eecs.berkeley.edu>
alias nancype Nancy Peshette <nancype@eecs.berkeley.edu>
alias naomi Naomi Dagdagan <naomi@eecs.berkeley.edu>
alias naratipw Naratip Wongkomet <naratipw@eecs.berkeley.edu>
alias nardi Alessandra Nardi <nardi@eecs.berkeley.edu>
alias natejew Nathan Jew <natejew@eecs.berkeley.edu>
alias nati Nati Linial <nati@eecs.berkeley.edu>
alias nbk Nathan Boyd Kitchen <nbk@eecs.berkeley.edu>
alias nchen Nicholasyen-Cherng Chen <nchen@eecs.berkeley.edu>
alias nchrons Nikolaos Chronics <nchrons@eecs.berkeley.edu>
alias ncowan Noah Cowan <ncowan@eecs.berkeley.edu>
alias necula George Necula <necula@eecs.berkeley.edu>
alias neilp Neil Patel <neilp@eecs.berkeley.edu>
alias nelsonb Blaine Alan Nelson <nelsonb@eecs.berkeley.edu>
alias nemanja Nemanja Isailovic <nemanja@eecs.berkeley.edu>
alias nesgaard Carsten Nesgaard <nesgaard@eecs.berkeley.edu>
alias net NEIL_EDWARD TURNER <net@eecs.berkeley.edu>
alias netina Natalya Etina <netina@eecs.berkeley.edu>
alias neuendor Steve Neuendorffer <neuendor@eecs.berkeley.edu>
alias newman Mark Newman <newman@eecs.berkeley.edu>
alias nflores Nathan Flores <nflores@eecs.berkeley.edu>
alias ngood Nathaniel Good <ngood@eecs.berkeley.edu>
alias ngupta Navin Gupta <ngupta@eecs.berkeley.edu>
alias nguyendt David Tong Nguyen <nguyendt@eecs.berkeley.edu>
alias nhekmat Neema Hekmat <nhekmat@eecs.berkeley.edu>
alias nhoven Niels Kang Hoven <nhoven@eecs.berkeley.edu>
alias nhz Hao Zhang <nhz@eecs.berkeley.edu>
alias nickl Nick Lanham <nickl@eecs.berkeley.edu>
alias nicob Nikolaus Bruels <nicob@eecs.berkeley.edu>
alias nicolas Nicolas Ducheneaut <nicolas@eecs.berkeley.edu>
alias nidever Melissa Nidever <nidever@eecs.berkeley.edu>
alias nikitab Nikita Borisov <nikitab@eecs.berkeley.edu>
alias niknejad Ali_M Niknejad <niknejad@eecs.berkeley.edu>
alias nikraves Masoud Nikravesh <nikraves@eecs.berkeley.edu>
alias nilim Arnab Nilim <nilim@eecs.berkeley.edu>
alias ningc Ning Chen <ningc@eecs.berkeley.edu>
alias ningzh Ning Zhang <ningzh@eecs.berkeley.edu>
alias nithya NITHYAATHREYA RAMANATHAN <nithya@eecs.berkeley.edu>
alias njh Nathan Hunsperger <njh@eecs.berkeley.edu>
alias njw Jiawang Nie <njw@eecs.berkeley.edu>
alias nkallen Nick Kallen <nkallen@eecs.berkeley.edu>
alias nkm Nick Molchanoff <nkm@eecs.berkeley.edu>
alias nks Naveen Sastry <nks@eecs.berkeley.edu>
alias nma Nadeem Aboobaker <nma@eecs.berkeley.edu>
alias nmaathur Neeraj Maathur <nmaathur@eecs.berkeley.edu>
alias nmani Manikandan Narayanan <nmani@eecs.berkeley.edu>
alias nonsns Dario G. Rossi <nonsns@eecs.berkeley.edu>
alias normzhou Nan Zhou <normzhou@eecs.berkeley.edu>
alias np3 Chris Willmore <np3@eecs.berkeley.edu>
alias npchan NATHANPETER CHAN <npchan@eecs.berkeley.edu>
alias nrsatish Nadathur Satish <nrsatish@eecs.berkeley.edu>
alias ntalbot NEIL TALBOT <ntalbot@eecs.berkeley.edu>
alias ntien Norman Tien <ntien@eecs.berkeley.edu>
alias nuntachp Nuntachai Poobuapheun <nuntachp@eecs.berkeley.edu>
alias nweaver Nicholas C. Weaver <nweaver@eecs.berkeley.edu>
alias oakamil Kamil <oakamil@eecs.berkeley.edu>
alias oberheim Thomas Oberheim <oberheim@eecs.berkeley.edu>
alias odedr Oded Regev <odedr@eecs.berkeley.edu>
alias odusanya Florence Odusanya <odusanya@eecs.berkeley.edu>
alias okan Okan Arikan <okan@eecs.berkeley.edu>
alias olegb olegb <olegb@eecs.berkeley.edu>
alias omarabed ABED <omarabed@eecs.berkeley.edu>
alias ombakr Omar Mohammed Bakr <ombakr@eecs.berkeley.edu>
alias omids omids <omids@eecs.berkeley.edu>
alias omisha Michael Orshansky <omisha@eecs.berkeley.edu>
alias onureena Onureena Banerjee <onureena@eecs.berkeley.edu>
alias osni Osni Marques <osni@eecs.berkeley.edu>
alias othar Othar Hansson <othar@eecs.berkeley.edu>
alias overton Michael Overton <overton@eecs.berkeley.edu>
alias owenc Owen Cooper <owenc@eecs.berkeley.edu>
alias pal Philip Levis <pal@eecs.berkeley.edu>
alias pamelac Pamela W Chen <pamelac@eecs.berkeley.edu>
alias panasik Carl Panasik <panasik@eecs.berkeley.edu>
alias parekh Abhay Parekh <parekh@eecs.berkeley.edu>
alias parents UCB Parents <parents@eecs.berkeley.edu>
alias parsa Siavash Parsa <parsa@eecs.berkeley.edu>
alias parvez Parvez Ahammad <parvez@eecs.berkeley.edu>
alias paskin Mark A. Paskin <paskin@eecs.berkeley.edu>
alias pasula Hanna Maria Pasula <pasula@eecs.berkeley.edu>
alias pasztor Pasztor Egon Clive <pasztor@eecs.berkeley.edu>
alias patch Sarah Patch <patch@eecs.berkeley.edu>
alias pathma Venasithamby <pathma@eecs.berkeley.edu>
alias paulh Paul Horton <paulh@eecs.berkeley.edu>
alias paulhami Paul Hamilton <paulhami@eecs.berkeley.edu>
alias paulhung Ju-Sung Hung <paulhung@eecs.berkeley.edu>
alias payamp Payam Pakzad <payamp@eecs.berkeley.edu>
alias pbg Philip B Godfrey <pbg@eecs.berkeley.edu>
alias pbhuang Paul Borland Huang <pbhuang@eecs.berkeley.edu>
alias pbstark Phillip Stark <pbstark@eecs.berkeley.edu>
alias pbwell Peter Broadwell <pbwell@eecs.berkeley.edu>
alias pcchang Paul C Chang <pcchang@eecs.berkeley.edu>
alias peicheng Pei-Cheng Ku <peicheng@eecs.berkeley.edu>
alias peijuan Liu Peijuan <peijuan@eecs.berkeley.edu>
alias pepe Pepe Kaksonen <pepe@eecs.berkeley.edu>
alias perlegos Pete_Constantine Perlegos <perlegos@eecs.berkeley.edu>
alias perona Pietro Perona <perona@eecs.berkeley.edu>
alias perrig Adrian Perrig <perrig@eecs.berkeley.edu>
alias perry perry <perry@eecs.berkeley.edu>
alias perryk Perry Kavros <perryk@eecs.berkeley.edu>
alias pestal Danny Pestal <pestal@eecs.berkeley.edu>
alias pete Pete Caragher <pete@eecs.berkeley.edu>
alias peterch Angel_Vladimirov Peterchev <peterch@eecs.berkeley.edu>
alias peterliu Peter Liu <peterliu@eecs.berkeley.edu>
alias petermc Peter McCorquodale <petermc@eecs.berkeley.edu>
alias peterp Peter Pletcher <peterp@eecs.berkeley.edu>
alias pettyk Karl Petty <pettyk@eecs.berkeley.edu>
alias pff Pedro Felzenszalb <pff@eecs.berkeley.edu>
alias pfriedbe Paul D. Friedberg <pfriedbe@eecs.berkeley.edu>
alias phelps Tom Phelps <phelps@eecs.berkeley.edu>
alias phillip phillip <phillip@eecs.berkeley.edu>
alias philouza Jonathan S Fischer <philouza@eecs.berkeley.edu>
alias phoebusc Phoebus W. Chen <phoebusc@eecs.berkeley.edu>
alias phred Frederick Reiss <phred@eecs.berkeley.edu>
alias piazza Gianluca Piazza <piazza@eecs.berkeley.edu>
alias piccola Piccola Evans <piccola@eecs.berkeley.edu>
alias pike Geoff Pike <pike@eecs.berkeley.edu>
alias pillai Nisha Pillai <pillai@eecs.berkeley.edu>
alias pingster Ka-Ping Yee <pingster@eecs.berkeley.edu>
alias pino Jose Luis Pino <pino@eecs.berkeley.edu>
alias pinsu Pin Su <pinsu@eecs.berkeley.edu>
alias pio Matt Piotrowski <pio@eecs.berkeley.edu>
alias pjulian Pedro Julian <pjulian@eecs.berkeley.edu>
alias pk Pankaj Kalra <pk@eecs.berkeley.edu>
alias pkhoosh Peter Khooshabeh <pkhoosh@eecs.berkeley.edu>
alias plamen Plamen Koev <plamen@eecs.berkeley.edu>
alias pletch Nathan Pletcher <pletch@eecs.berkeley.edu>
alias plishker William Plishker <plishker@eecs.berkeley.edu>
alias pljones Portia Jones <pljones@eecs.berkeley.edu>
alias pm Philip McLauchlan <pm@eecs.berkeley.edu>
alias pmarcus Phil Marcus <pmarcus@eecs.berkeley.edu>
alias pmcpeak Patricia McPeak <pmcpeak@eecs.berkeley.edu>
alias pmichel Petra Michel <pmichel@eecs.berkeley.edu>
alias pmonat Pavel Monat <pmonat@eecs.berkeley.edu>
alias pmpknple Alice Chen <pmpknple@eecs.berkeley.edu>
alias poggio Andy Poggio <poggio@eecs.berkeley.edu>
alias polastre Joseph Polastre <polastre@eecs.berkeley.edu>
alias ponce Jean Ponce <ponce@eecs.berkeley.edu>
alias poolla Kameshwar Poolla <poolla@eecs.berkeley.edu>
alias poppej POPPE <poppej@eecs.berkeley.edu>
alias postgres IDSG Postgres support login <postgres@eecs.berkeley.edu>
alias ppj Pushkar Prakash Joshi <ppj@eecs.berkeley.edu>
alias prabal Prabal Dutta <prabal@eecs.berkeley.edu>
alias pran Paolo Prandoni <pran@eecs.berkeley.edu>
alias prandini Maria Prandini <prandini@eecs.berkeley.edu>
alias pray Peter Ray <pray@eecs.berkeley.edu>
alias pritpal Pritpal Singh <pritpal@eecs.berkeley.edu>
alias pshyu Patrick Shyu <pshyu@eecs.berkeley.edu>
alias psliu Paul S. Liu <psliu@eecs.berkeley.edu>
alias puzicha Jan Puzicha <puzicha@eecs.berkeley.edu>
alias pvi Pramod Viswanath <pvi@eecs.berkeley.edu>
alias qgliu Qingguo <qgliu@eecs.berkeley.edu>
alias qingxu qingxu <qingxu@eecs.berkeley.edu>
alias qqliu Qingquan Liu <qqliu@eecs.berkeley.edu>
alias qtzhang Qintao Zhang <qtzhang@eecs.berkeley.edu>
alias qzhang Qiaolin Zhang <qzhang@eecs.berkeley.edu>
alias rabani Yuval Rabani <rabani@eecs.berkeley.edu>
alias rajeshn Rajesh Nishtala <rajeshn@eecs.berkeley.edu>
alias rakhic Rakhi Cook <rakhic@eecs.berkeley.edu>
alias ramanan Deva_K. Ramanan <ramanan@eecs.berkeley.edu>
alias ramaral ramaral <ramaral@eecs.berkeley.edu>
alias ramr Ram Rajagopal <ramr@eecs.berkeley.edu>
alias randit Randi Thomas <randit@eecs.berkeley.edu>
alias ranjeet Ranjeet Singh Jhutti <ranjeet@eecs.berkeley.edu>
alias rattenbt Tye Rattenbury <rattenbt@eecs.berkeley.edu>
alias ravenben Ben Yanbin Zhao <ravenben@eecs.berkeley.edu>
alias ravinde1 SACHDEVA <ravinde1@eecs.berkeley.edu>
alias rayliu Ray Liu <rayliu@eecs.berkeley.edu>
alias rb rb <rb@eecs.berkeley.edu>
alias rbyers Ralph Byers <rbyers@eecs.berkeley.edu>
alias rcdavis Richard_Christopher_2 Davis <rcdavis@eecs.berkeley.edu>
alias rchang Runzi Chang <rchang@eecs.berkeley.edu>
alias rcsaba Csaba Rekeczky <rcsaba@eecs.berkeley.edu>
alias rdinh Richard H. Dinh <rdinh@eecs.berkeley.edu>
alias reason Johnathan Reason <reason@eecs.berkeley.edu>
alias reblee Rebecca Lee <reblee@eecs.berkeley.edu>
alias redinger David_H. Redinger <redinger@eecs.berkeley.edu>
alias regroff Richard Groff <regroff@eecs.berkeley.edu>
alias rencang Ren-Cang Li <rencang@eecs.berkeley.edu>
alias renem Rene Miranda <renem@eecs.berkeley.edu>
alias renju Thomas Renju <renju@eecs.berkeley.edu>
alias retkin Raul Etkin <retkin@eecs.berkeley.edu>
alias reyno1ca Craig A. Reynolds <reyno1ca@eecs.berkeley.edu>
alias rfarshch Rouin Farshchi <rfarshch@eecs.berkeley.edu>
alias rfonseca Rodrigo Fonseca <rfonseca@eecs.berkeley.edu>
alias rhuang Randy Huang <rhuang@eecs.berkeley.edu>
alias richie Richard Vuduc <richie@eecs.berkeley.edu>
alias riedling William Riedlinger <riedling@eecs.berkeley.edu>
alias rimoldi Bixio Rimoldi <rimoldi@eecs.berkeley.edu>
alias riofski Paul Riofski <riofski@eecs.berkeley.edu>
alias risnerj Jeremy Risner <risnerj@eecs.berkeley.edu>
alias rizvi Shariq Rizvi <rizvi@eecs.berkeley.edu>
alias rjain Rahul Jain <rjain@eecs.berkeley.edu>
alias rjwood Robert John Wood <rjwood@eecs.berkeley.edu>
alias rkolluri Ravi Kolluri <rkolluri@eecs.berkeley.edu>
alias rkpatra Rabin K Patra <rkpatra@eecs.berkeley.edu>
alias rlake Robin Lake <rlake@eecs.berkeley.edu>
alias rlossing Richard Lossing <rlossing@eecs.berkeley.edu>
alias rlrubin Rachel Leigh Rubin <rlrubin@eecs.berkeley.edu>
alias rlu Richard Lu <rlu@eecs.berkeley.edu>
alias rob Robert Wai-Chi Chu <rob@eecs.berkeley.edu>
alias robertc Robert Connolly <robertc@eecs.berkeley.edu>
alias robi Robert Krauthgamer <robi@eecs.berkeley.edu>
alias robm Rob McNicholas <robm@eecs.berkeley.edu>
alias rochelle Rochelle Vaughn <rochelle@eecs.berkeley.edu>
alias roded Roded Sharan <roded@eecs.berkeley.edu>
alias ronf Ron Fearing <ronf@eecs.berkeley.edu>
alias rontal Ron Tal <rontal@eecs.berkeley.edu>
alias roosta TANYAGAZELLE ROOSTA <roosta@eecs.berkeley.edu>
alias rosario Barbara Rosario <rosario@eecs.berkeley.edu>
alias rosita Rosita Alvarez-Croft <rosita@eecs.berkeley.edu>
alias roska Tamas Roska <roska@eecs.berkeley.edu>
alias rothman Jeffrey Rothman <rothman@eecs.berkeley.edu>
alias rowland Rowland Johnson <rowland@eecs.berkeley.edu>
alias rpuri Rohit Puri <rpuri@eecs.berkeley.edu>
alias rrubin Rachel Rubin <rrubin@eecs.berkeley.edu>
alias rsahai Ranjana Sahai <rsahai@eecs.berkeley.edu>
alias rsf Raymond Fellers <rsf@eecs.berkeley.edu>
alias rshankar Raman Vijay Shankar <rshankar@eecs.berkeley.edu>
alias rslin Rei-Shiun Lin <rslin@eecs.berkeley.edu>
alias rstanley Richard Stanley <rstanley@eecs.berkeley.edu>
alias rtjohnso Robert Johnson <rtjohnso@eecs.berkeley.edu>
alias ruhe Axel Ruhe <ruhe@eecs.berkeley.edu>
alias rungsun RUNGSUN MUNKONG <rungsun@eecs.berkeley.edu>
alias russell Stuart Russell <russell@eecs.berkeley.edu>
alias ruthg Ruth Gjerde <ruthg@eecs.berkeley.edu>
alias ruthwang Ruth Wang <ruthwang@eecs.berkeley.edu>
alias rvidal Rene_Esteban Vidal <rvidal@eecs.berkeley.edu>
alias ryanc Clint Ryan <ryanc@eecs.berkeley.edu>
alias ryanw Ryan M. White <ryanw@eecs.berkeley.edu>
alias sacarter Scott Carter <sacarter@eecs.berkeley.edu>
alias sachan Sachan Madahar <sachan@eecs.berkeley.edu>
alias safetp SafeTP <safetp@eecs.berkeley.edu>
alias sagarwal Sharad Agarwal <sagarwal@eecs.berkeley.edu>
alias sahai Anant Sahai <sahai@eecs.berkeley.edu>
alias sailesh Saileshwar Krishnamurthy <sailesh@eecs.berkeley.edu>
alias sammon Russell P. Sammon <sammon@eecs.berkeley.edu>
alias samr Samantha Riesenfeld <samr@eecs.berkeley.edu>
alias samw Samuel Webb Williams <samw@eecs.berkeley.edu>
alias sanders Seth Sanders <sanders@eecs.berkeley.edu>
alias sangj Sang-Hack Jung <sangj@eecs.berkeley.edu>
alias sanjayg Sanjay Govindjee <sanjayg@eecs.berkeley.edu>
alias sanjayj Sanjay Jeyakumar <sanjayj@eecs.berkeley.edu>
alias sanjeev Sanjeev Kohli <sanjeev@eecs.berkeley.edu>
alias sant sant <sant@eecs.berkeley.edu>
alias santosh santosh <santosh@eecs.berkeley.edu>
alias sarahp Sarah Packman <sarahp@eecs.berkeley.edu>
alias sarahr Sarah Rodriguez <sarahr@eecs.berkeley.edu>
alias saras Sara Saedinia <saras@eecs.berkeley.edu>
alias sariel Ariel Schwartz <sariel@eecs.berkeley.edu>
alias sasha Aleksandra Vasilyuk <sasha@eecs.berkeley.edu>
alias satishr Satish Rao <satishr@eecs.berkeley.edu>
alias satrajit Satrajit Chatterjee <satrajit@eecs.berkeley.edu>
alias sauer Christian Sauer <sauer@eecs.berkeley.edu>
alias sayf sayf <sayf@eecs.berkeley.edu>
alias sbart Stephen Bart <sbart@eecs.berkeley.edu>
alias sbashaw Sara Bashaw <sbashaw@eecs.berkeley.edu>
alias sbensafi Souad Souafi-Bensafi <sbensafi@eecs.berkeley.edu>
alias sbenting Steve Benting <sbenting@eecs.berkeley.edu>
alias sbergbre Sarah Bergbreiter <sbergbre@eecs.berkeley.edu>
alias sbitnev Valery Sbitnev <sbitnev@eecs.berkeley.edu>
alias schang SHUN MING CHANG <schang@eecs.berkeley.edu>
alias schien Steve Chien <schien@eecs.berkeley.edu>
alias schwarz Steven Schwarz <schwarz@eecs.berkeley.edu>
alias sdfarrah sdfarrah <sdfarrah@eecs.berkeley.edu>
alias sears Russell Sears <sears@eecs.berkeley.edu>
alias secord John Michael Secord <secord@eecs.berkeley.edu>
alias sedgwick FORRESTGRANTIV SEDGWICK <sedgwick@eecs.berkeley.edu>
alias seeger seeger <seeger@eecs.berkeley.edu>
alias seiji Seiji Nagahara <seiji@eecs.berkeley.edu>
alias senesky Matthew_Kurt Senesky <senesky@eecs.berkeley.edu>
alias sengupta Raja Sengupta <sengupta@eecs.berkeley.edu>
alias seojohn JEONGGI SEO <seojohn@eecs.berkeley.edu>
alias seongtae  Seongtae <seongtae@eecs.berkeley.edu>
alias sepanta sepanta <sepanta@eecs.berkeley.edu>
alias sergiu Sergiu Nedevschi <sergiu@eecs.berkeley.edu>
alias serrano Elma Serrano <serrano@eecs.berkeley.edu>
alias sfg Simon Goldsmith <sfg@eecs.berkeley.edu>
alias sgardner Susan Gardner <sgardner@eecs.berkeley.edu>
alias sgogna Sheena Gogna <sgogna@eecs.berkeley.edu>
alias sgroi Marco Sgroi <sgroi@eecs.berkeley.edu>
alias sguada Sergio Guadarrama <sguada@eecs.berkeley.edu>
alias shafeman Scott Joseph Hafeman <shafeman@eecs.berkeley.edu>
alias shahruz Shahram Shahruz <shahruz@eecs.berkeley.edu>
alias shaikh Tariq Shaikh <shaikh@eecs.berkeley.edu>
alias shaliam Shalia McDonald <shaliam@eecs.berkeley.edu>
alias shankars Shankar (Personal) Sastry <shankars@eecs.berkeley.edu>
alias shanna Shanna Crankshaw <shanna@eecs.berkeley.edu>
alias shannonz Shannon J. Zelinski <shannonz@eecs.berkeley.edu>
alias shao14 Jingyi Shao <shao14@eecs.berkeley.edu>
alias sharimen Sharimen Newaz <sharimen@eecs.berkeley.edu>
alias shelleyz Shelley Zhuang <shelleyz@eecs.berkeley.edu>
alias shenker Scott Shenker <shenker@eecs.berkeley.edu>
alias shirley Shirley Price <shirley@eecs.berkeley.edu>
alias shivani Shivani Pranav <shivani@eecs.berkeley.edu>
alias sho Songhwai Oh <sho@eecs.berkeley.edu>
alias shollar Seth Hollar <shollar@eecs.berkeley.edu>
alias shong2 Shong Yin <shong2@eecs.berkeley.edu>
alias shousand Susan Housand <shousand@eecs.berkeley.edu>
alias shumway Michael_David Shumway <shumway@eecs.berkeley.edu>
alias sidjain Siddharth Jain <sidjain@eecs.berkeley.edu>
alias simic Slobodan Simic <simic@eecs.berkeley.edu>
alias simsek Tunc Simsek <simsek@eecs.berkeley.edu>
alias sinclair Alistair Sinclair <sinclair@eecs.berkeley.edu>
alias sinopoli sinopoli <sinopoli@eecs.berkeley.edu>
alias sirish Sirish Chandrasekaran <sirish@eecs.berkeley.edu>
alias sitea sitea <sitea@eecs.berkeley.edu>
alias sjb Serge J. Belongie <sjb@eecs.berkeley.edu>
alias sjiang Steve Jiang <sjiang@eecs.berkeley.edu>
alias sjkim Sungjin Kim <sjkim@eecs.berkeley.edu>
alias sjs Stephen James Stafford <sjs@eecs.berkeley.edu>
alias skamil  Kamil_Shoaib <skamil@eecs.berkeley.edu>
alias skauer Susanne Kauer <skauer@eecs.berkeley.edu>
alias skhay Hayden So <skhay@eecs.berkeley.edu>
alias slacoste Simon Lacoste-Julien <slacoste@eecs.berkeley.edu>
alias slanzise Steven Michael Lanzisera <slanzise@eecs.berkeley.edu>
alias slewis Sean Lewis <slewis@eecs.berkeley.edu>
alias slingn Nathan Slingerland <slingn@eecs.berkeley.edu>
alias slruwan Jayasuriya Perera <slruwan@eecs.berkeley.edu>
alias smardan MARDANBEIGI <smardan@eecs.berkeley.edu>
alias smcc Stephen McCamant <smcc@eecs.berkeley.edu>
alias smcpeak Scott McPeak <smcpeak@eecs.berkeley.edu>
alias smithsec Smithsec Smithsec <smithsec@eecs.berkeley.edu>
alias smm Shridhar Mubaraq Mishra <smm@eecs.berkeley.edu>
alias sms Shawn M Schaffert <sms@eecs.berkeley.edu>
alias smyau Siu Man Yau <smyau@eecs.berkeley.edu>
alias so Hoi-Sheung Wilson So <so@eecs.berkeley.edu>
alias soatto Stefano Soatto <soatto@eecs.berkeley.edu>
alias sohrab Sohrab Emami-Neyestanak <sohrab@eecs.berkeley.edu>
alias sonesh Sonesh Surana <sonesh@eecs.berkeley.edu>
alias soniad Sonia Dominguez <soniad@eecs.berkeley.edu>
alias sortiz Sonia Ortiz <sortiz@eecs.berkeley.edu>
alias soumen Soumen Chakrabarti <soumen@eecs.berkeley.edu>
alias souravc Sourav Chatterji <souravc@eecs.berkeley.edu>
alias sousa Joao Sousa <sousa@eecs.berkeley.edu>
alias spahr Joseph Spahr <spahr@eecs.berkeley.edu>
alias spanos Costas Spanos <spanos@eecs.berkeley.edu>
alias sparikh Sharon Preeti Parikh <sparikh@eecs.berkeley.edu>
alias spielman Dan Spielman <spielman@eecs.berkeley.edu>
alias spivey Rosemary Spivey <spivey@eecs.berkeley.edu>
alias sprahul Shree Prakash Rahul <sprahul@eecs.berkeley.edu>
alias sprasb Stuart Bennett Sprague <sprasb@eecs.berkeley.edu>
alias sprinkle Jonathan M. Sprinkle <sprinkle@eecs.berkeley.edu>
alias sprs Stanley Sprogis <sprs@eecs.berkeley.edu>
alias spshieh Shiuhpyng Shieh <spshieh@eecs.berkeley.edu>
alias srhea Sean Rhea <srhea@eecs.berkeley.edu>
alias sridhar  Sridhar Rajagopalan <sridhar@eecs.berkeley.edu>
alias srinath Srinath Avadhanula <srinath@eecs.berkeley.edu>
alias srk Scott Klemmer <srk@eecs.berkeley.edu>
alias srobert Stephan Robert <srobert@eecs.berkeley.edu>
alias sross Sheila Ross <sross@eecs.berkeley.edu>
alias ssinha Steven Sinha <ssinha@eecs.berkeley.edu>
alias ssorkin Stephen Sorkin <ssorkin@eecs.berkeley.edu>
alias stanley Kendall S. Stanley <stanley@eecs.berkeley.edu>
alias starbow Tao Starbow <starbow@eecs.berkeley.edu>
alias stbaker Steven Daniel Baker <stbaker@eecs.berkeley.edu>
alias stellayu Stella Yu <stellayu@eecs.berkeley.edu>
alias stephb Stephanie Bertagnole <stephb@eecs.berkeley.edu>
alias stephp Stephanou <stephp@eecs.berkeley.edu>
alias stergiou Panayiotis Stergiou <stergiou@eecs.berkeley.edu>
alias steve0 Steve Martin <steve0@eecs.berkeley.edu>
alias stevemon Steve Montalvo <stevemon@eecs.berkeley.edu>
alias stevew Steve Whiteley <stevew@eecs.berkeley.edu>
alias strib JeremyAndrew Stribling <strib@eecs.berkeley.edu>
alias strive David Garmire <strive@eecs.berkeley.edu>
alias stubbs Linda Stubbs <stubbs@eecs.berkeley.edu>
alias subra P.A. Subrahmanyam <subra@eecs.berkeley.edu>
alias sued Sue Devries <sued@eecs.berkeley.edu>
alias sumitra Sumitra Ganesh <sumitra@eecs.berkeley.edu>
alias sunghoon SUNGHOON KWON <sunghoon@eecs.berkeley.edu>
alias sungsu SUNGSU PARK <sungsu@eecs.berkeley.edu>
alias sunil sunil <sunil@eecs.berkeley.edu>
alias sunilr RAMESH <sunilr@eecs.berkeley.edu>
alias sunxin Xin Sun <sunxin@eecs.berkeley.edu>
alias susan Susan Madison <susan@eecs.berkeley.edu>
alias susiet Susie Tzeng <susiet@eecs.berkeley.edu>
alias suy suy <suy@eecs.berkeley.edu>
alias svolkman Steven K. Volkman <svolkman@eecs.berkeley.edu>
alias syk Suhyoung Kang <syk@eecs.berkeley.edu>
alias sylviam Sylvia Moore <sylviam@eecs.berkeley.edu>
alias sylviar Sylvia Ratnasamy <sylviar@eecs.berkeley.edu>
alias syndia_l Syndia Limon <syndia_l@eecs.berkeley.edu>
alias syoon SANGHYUB YOON <syoon@eecs.berkeley.edu>
alias szatmari Istvan Szatmari <szatmari@eecs.berkeley.edu>
alias szewczyk Robert Szewczyk <szewczyk@eecs.berkeley.edu>
alias tachio Tachio Terauchi <tachio@eecs.berkeley.edu>
alias taglia Marco Tagliasacchi <taglia@eecs.berkeley.edu>
alias tah Tom Henzinger <tah@eecs.berkeley.edu>
alias takagi-t Tomohiro Takagi <takagi-t@eecs.berkeley.edu>
alias takeuchi Hideki Takeuchi <takeuchi@eecs.berkeley.edu>
alias tan Chin-Woo Tan <tan@eecs.berkeley.edu>
alias tan_john JOHN TEN-CHIEN HSU <tan_john@eecs.berkeley.edu>
alias tandra Rahul Tandra <tandra@eecs.berkeley.edu>
alias tandy Tandy Warnow <tandy@eecs.berkeley.edu>
alias tangh Haiyun Tang <tangh@eecs.berkeley.edu>
alias taubman David S. Taubman <taubman@eecs.berkeley.edu>
alias tbach BACHMAN <tbach@eecs.berkeley.edu>
alias tbenzel Terry Benzel <tbenzel@eecs.berkeley.edu>
alias tc-gnats Titanium GNATS bug Database <tc-gnats@eecs.berkeley.edu>
alias tcmoore Teresa Moore <tcmoore@eecs.berkeley.edu>
alias tduncan Timothy Duncan <tduncan@eecs.berkeley.edu>
alias tedhong Ted Hong <tedhong@eecs.berkeley.edu>
alias tendick Frank Tendick <tendick@eecs.berkeley.edu>
alias terence TERENCE MANCHUN TONG <terence@eecs.berkeley.edu>
alias teresat Teresa Tung <teresat@eecs.berkeley.edu>
alias thamann thamann <thamann@eecs.berkeley.edu>
alias theyeh David Te-Mao Yeh <theyeh@eecs.berkeley.edu>
alias thibaux Romain Jean Thibaux <thibaux@eecs.berkeley.edu>
alias thinhq Thinh Nguyen <thinhq@eecs.berkeley.edu>
alias thompsbj Brandon Jay Thompson <thompsbj@eecs.berkeley.edu>
alias tiffcraw Tiffany Shenele Crawford <tiffcraw@eecs.berkeley.edu>
alias tijl Tijl E P De Bie <tijl@eecs.berkeley.edu>
alias tim_b BAKHISHEV <tim_b@eecs.berkeley.edu>
alias timclee TIMOTHYCHUNG-TAO LEE <timclee@eecs.berkeley.edu>
alias timothyc Tim Callahan  <timothyc@eecs.berkeley.edu>
alias timr Tim Roughgarden <timr@eecs.berkeley.edu>
alias timwu Tim Wu <timwu@eecs.berkeley.edu>
alias tinas Tina Smilkstein <tinas@eecs.berkeley.edu>
alias tine Christine Gatchalian <tine@eecs.berkeley.edu>
alias titanium Titanium Project (Prof. Graham) <titanium@eecs.berkeley.edu>
alias tjc CHARLESWORTH <tjc@eecs.berkeley.edu>
alias tjdaniel Tyler Daniel <tjdaniel@eecs.berkeley.edu>
alias tkchen TK Chen <tkchen@eecs.berkeley.edu>
alias tkg T.K. Gustafson <tkg@eecs.berkeley.edu>
alias tking Tsu-Jae King <tking@eecs.berkeley.edu>
alias tlavian Lavian Tal <tlavian@eecs.berkeley.edu>
alias tmatthew Tara Lynn Matthews <tmatthew@eecs.berkeley.edu>
alias tnomura Toshio Nomura <tnomura@eecs.berkeley.edu>
alias toddl Todd Lauderdale <toddl@eecs.berkeley.edu>
alias tofte Mads Tofte <tofte@eecs.berkeley.edu>
alias tonyw Tony Wasserman <tonyw@eecs.berkeley.edu>
alias toomim Michael Matthew Toomim <toomim@eecs.berkeley.edu>
alias totten Vanessa Totten <totten@eecs.berkeley.edu>
alias tparsons Tom Parsons <tparsons@eecs.berkeley.edu>
alias tracey Tracey Richards <tracey@eecs.berkeley.edu>
alias travisp Travis Pynn <travisp@eecs.berkeley.edu>
alias treuhaft Noah Treuhaft <treuhaft@eecs.berkeley.edu>
alias troscoe Timothy Roscoe <troscoe@eecs.berkeley.edu>
alias tsengy Yu-Chih Tseng <tsengy@eecs.berkeley.edu>
alias tsmith Tracey Smith <tsmith@eecs.berkeley.edu>
alias tspence Tamara Spence <tspence@eecs.berkeley.edu>
alias tsunglin tsunglin <tsunglin@eecs.berkeley.edu>
alias tthoang Tan T Hoang <tthoang@eecs.berkeley.edu>
alias tuongvan Tuongvan Nguyen <tuongvan@eecs.berkeley.edu>
alias turi Turgut Sefket Aytur <turi@eecs.berkeley.edu>
alias tutran Tu Tran <tutran@eecs.berkeley.edu>
alias tuyen Tuyen Le <tuyen@eecs.berkeley.edu>
alias tygar Doug Tygar <tygar@eecs.berkeley.edu>
alias tynia25 Tynia Yang <tynia25@eecs.berkeley.edu>
alias tzuyi Tzu-Yi Chen <tzuyi@eecs.berkeley.edu>
alias ushankar Umesh Shankar <ushankar@eecs.berkeley.edu>
alias uthara Uthara Srinivasan <uthara@eecs.berkeley.edu>
alias uwb Bob Fleming <uwb@eecs.berkeley.edu>
alias vadim Vadim Kogan <vadim@eecs.berkeley.edu>
alias valencia Renate Valencia <valencia@eecs.berkeley.edu>
alias vandam Wim van Dam <vandam@eecs.berkeley.edu>
alias varaiya Pravin Varaiya <varaiya@eecs.berkeley.edu>
alias vardges Vardges Melkonian <vardges@eecs.berkeley.edu>
alias vargasr Raymond_L Vargas <vargasr@eecs.berkeley.edu>
alias varju Ferenc Varju <varju@eecs.berkeley.edu>
alias vassilis Vassilis A. Papavassiliou <vassilis@eecs.berkeley.edu>
alias vatkov Vitaliy Vatkovskiy <vatkov@eecs.berkeley.edu>
alias vclariza Evangelina Clariza <vclariza@eecs.berkeley.edu>
alias vdai Vito Dai <vdai@eecs.berkeley.edu>
alias veljko Veljko Milanovic <veljko@eecs.berkeley.edu>
alias vestel Michael Vestel <vestel@eecs.berkeley.edu>
alias victor16 Victor Korotkikh <victor16@eecs.berkeley.edu>
alias vidya Varadarajan Vidya <vidya@eecs.berkeley.edu>
alias vincente Vincent_Kitho Eng <vincente@eecs.berkeley.edu>
alias vinodmp Vinod Prabhakaran <vinodmp@eecs.berkeley.edu>
alias vinson vinson <vinson@eecs.berkeley.edu>
alias vissers Kees Vissers <vissers@eecs.berkeley.edu>
alias viveks  <viveks@eecs.berkeley.edu>
alias vivkim Vivian Kim <vivkim@eecs.berkeley.edu>
alias vjmiller Victoria Miller <vjmiller@eecs.berkeley.edu>
alias vkgoyal Vivek K. Goyal <vkgoyal@eecs.berkeley.edu>
alias vkris Vinay N Krishnan <vkris@eecs.berkeley.edu>
alias vladlen Vladlen Koltun <vladlen@eecs.berkeley.edu>
alias vlnguyen Nguyen <vlnguyen@eecs.berkeley.edu>
alias vlpetkov Vladimir Plamenov Petkov <vlpetkov@eecs.berkeley.edu>
alias vlucas Vicki Lucas <vlucas@eecs.berkeley.edu>
alias voemel Christof Voemel <voemel@eecs.berkeley.edu>
alias vonkorff Joshua Von Korff <vonkorff@eecs.berkeley.edu>
alias voros voros <voros@eecs.berkeley.edu>
alias vorosl Laszlo Voros <vorosl@eecs.berkeley.edu>
alias vorrada Vorrada Loryuenyong <vorrada@eecs.berkeley.edu>
alias vowall Viktor Owall <vowall@eecs.berkeley.edu>
alias vvv Vijay Vazirani <vvv@eecs.berkeley.edu>
alias vwen Victor Shih-hua Wen <vwen@eecs.berkeley.edu>
alias waarts Orli Waarts <waarts@eecs.berkeley.edu>
alias wai-ling Frances Ho-Ching <wai-ling@eecs.berkeley.edu>
alias wainwrig Martin James Wainwright <wainwrig@eecs.berkeley.edu>
alias walther David Walther <walther@eecs.berkeley.edu>
alias wangjin Jin Wang <wangjin@eecs.berkeley.edu>
alias wangwei Wei Wang <wangwei@eecs.berkeley.edu>
alias wanh Hui Wan <wanh@eecs.berkeley.edu>
alias warneke Brett Warneke <warneke@eecs.berkeley.edu>
alias warnerc Warner T. Carlisle <warnerc@eecs.berkeley.edu>
alias waynehua Wayne Huang <waynehua@eecs.berkeley.edu>
alias wcarr William Carr <wcarr@eecs.berkeley.edu>
alias wcwu Wei-Chung Wu <wcwu@eecs.berkeley.edu>
alias wdavis Wyatt Davis <wdavis@eecs.berkeley.edu>
alias wdc Weidong Cui <wdc@eecs.berkeley.edu>
alias wehibeg WEHIBEG BELACHEW <wehibeg@eecs.berkeley.edu>
alias wehrly Patrick Wehrly <wehrly@eecs.berkeley.edu>
alias weihua Weihua Shen <weihua@eecs.berkeley.edu>
alias weimer Westley Weimer <weimer@eecs.berkeley.edu>
alias weiwei Wei Wei <weiwei@eecs.berkeley.edu>
alias weiyan WEI YAN <weiyan@eecs.berkeley.edu>
alias wenko Wen Ko <wenko@eecs.berkeley.edu>
alias whargle Wendy Hargle <whargle@eecs.berkeley.edu>
alias whchen Wei-Hung Chen <whchen@eecs.berkeley.edu>
alias whinnery John Whinnery <whinnery@eecs.berkeley.edu>
alias whitecd Carolyn_Donahue White <whitecd@eecs.berkeley.edu>
alias whitney MARKGREGORY WHITNEY <whitney@eecs.berkeley.edu>
alias wht Bill Tetzlaff <wht@eecs.berkeley.edu>
alias wiethoel Sven Wiethoelter <wiethoel@eecs.berkeley.edu>
alias wijes1 Muthu Wijesundara <wijes1@eecs.berkeley.edu>
alias willa Willa D. Walker <willa@eecs.berkeley.edu>
alias willchu Chu <willchu@eecs.berkeley.edu>
alias williamg GOLDSHLAG <williamg@eecs.berkeley.edu>
alias willm William Morrison <willm@eecs.berkeley.edu>
alias windsorh Windsor Wee Sun Hsu <windsorh@eecs.berkeley.edu>
alias winoto Renaldi Winoto <winoto@eecs.berkeley.edu>
alias winthrop Winthrop Williams <winthrop@eecs.berkeley.edu>
alias wjchen Wenjiang Chen <wjchen@eecs.berkeley.edu>
alias wkchan Wai Kit Chang <wkchan@eecs.berkeley.edu>
alias wkramer William Kramer <wkramer@eecs.berkeley.edu>
alias wlow Wing Zin Low <wlow@eecs.berkeley.edu>
alias wolfi Wolfgang Raab <wolfi@eecs.berkeley.edu>
alias wolisz Adam Wolisz <wolisz@eecs.berkeley.edu>
alias wong Gene Wong <wong@eecs.berkeley.edu>
alias wongjoh Johnny Wong <wongjoh@eecs.berkeley.edu>
alias wonpu Charles Wonpu <wonpu@eecs.berkeley.edu>
alias wrdavis wrdavis <wrdavis@eecs.berkeley.edu>
alias wrichter Walter Carlos Richter <wrichter@eecs.berkeley.edu>
alias wtyeung Wayne Yeung <wtyeung@eecs.berkeley.edu>
alias wuc Christopher Wu <wuc@eecs.berkeley.edu>
alias wwu William David Wu <wwu@eecs.berkeley.edu>
alias wyc Wayne Chan <wyc@eecs.berkeley.edu>
alias wychan Chris Chan <wychan@eecs.berkeley.edu>
alias wychen WEI-YU CHEN <wychen@eecs.berkeley.edu>
alias xdjiang Xiaodong Jiang <xdjiang@eecs.berkeley.edu>
alias xianghui Xianghui Zeng <xianghui@eecs.berkeley.edu>
alias xiaoye Xiaoye Li <xiaoye@eecs.berkeley.edu>
alias xinyan Xinyan Deng <xinyan@eecs.berkeley.edu>
alias xiongsy Shiying Xiong <xiongsy@eecs.berkeley.edu>
alias xjw xjw <xjw@eecs.berkeley.edu>
alias xmichel XUE <xmichel@eecs.berkeley.edu>
alias xpeng Xi Peng <xpeng@eecs.berkeley.edu>
alias xpsu xpsu <xpsu@eecs.berkeley.edu>
alias xren Xiaofeng Ren <xren@eecs.berkeley.edu>
alias xtitter Nathaniel Titterton <xtitter@eecs.berkeley.edu>
alias xuanlong Xuanlong Nguyen <xuanlong@eecs.berkeley.edu>
alias xuanming Xuanming Dong <xuanming@eecs.berkeley.edu>
alias xuanpq Peiqi Xuan <xuanpq@eecs.berkeley.edu>
alias xuejing Jing Xue <xuejing@eecs.berkeley.edu>
alias xuliu Xuchun Liu <xuliu@eecs.berkeley.edu>
alias xuqing XU <xuqing@eecs.berkeley.edu>
alias xuw Wei Xu <xuw@eecs.berkeley.edu>
alias xxzhao Xiaoxue Zhao <xxzhao@eecs.berkeley.edu>
alias yairb Yair Bartal <yairb@eecs.berkeley.edu>
alias yan Yan Huang <yan@eecs.berkeley.edu>
alias yanchen Yan Chen <yanchen@eecs.berkeley.edu>
alias yangjing Jing Yang <yangjing@eecs.berkeley.edu>
alias yangli Yang Li <yangli@eecs.berkeley.edu>
alias yangsta Yang Zhang <yangsta@eecs.berkeley.edu>
alias yangxin Xin Yang <yangxin@eecs.berkeley.edu>
alias yangzhao Yang Zhao <yangzhao@eecs.berkeley.edu>
alias yanmei Yanmei Li <yanmei@eecs.berkeley.edu>
alias yanw yanw <yanw@eecs.berkeley.edu>
alias yao Andrew Yao <yao@eecs.berkeley.edu>
alias yaoxi yaoxi <yaoxi@eecs.berkeley.edu>
alias yaoyun Yaoyun Shi <yaoyun@eecs.berkeley.edu>
alias yaping Yaping Li <yaping@eecs.berkeley.edu>
alias yashesh yashesh <yashesh@eecs.berkeley.edu>
alias yasuhiko Yasuhiko Matsunaga <yasuhiko@eecs.berkeley.edu>
alias yatin Yatin Chawathe <yatin@eecs.berkeley.edu>
alias yatish Yatish Patel <yatish@eecs.berkeley.edu>
alias ycao Yu (Kevin) Cao <ycao@eecs.berkeley.edu>
alias yelick Kathy Yelick <yelick@eecs.berkeley.edu>
alias yeo Engling Yeo <yeo@eecs.berkeley.edu>
alias yew Ye Wang <yew@eecs.berkeley.edu>
alias yezhou Ye Zhou <yezhou@eecs.berkeley.edu>
alias yhchee Yuen Hui Chee <yhchee@eecs.berkeley.edu>
alias yhui LIU <yhui@eecs.berkeley.edu>
alias yiding DING <yiding@eecs.berkeley.edu>
alias yihchun Yih-Chun Hu <yihchun@eecs.berkeley.edu>
alias yinghua Yinghua Li <yinghua@eecs.berkeley.edu>
alias yingying Ying_Ying Wei <yingying@eecs.berkeley.edu>
alias yinli Li Yin <yinli@eecs.berkeley.edu>
alias ykc Young Choi <ykc@eecs.berkeley.edu>
alias ykchoi ykchoi <ykchoi@eecs.berkeley.edu>
alias ynagai Yoshinori Nagai <ynagai@eecs.berkeley.edu>
alias yooo Onesun Yoo <yooo@eecs.berkeley.edu>
alias yoyo Maria del Mar Alvarez <yoyo@eecs.berkeley.edu>
alias yozo Yozo Hida <yozo@eecs.berkeley.edu>
alias yptong Yuh-Ping Tong <yptong@eecs.berkeley.edu>
alias yschen Yuan-Shih Chen <yschen@eecs.berkeley.edu>
alias yuanlei Lei Yuan <yuanlei@eecs.berkeley.edu>
alias yujia Yu-Jia Jin <yujia@eecs.berkeley.edu>
alias yunan PEI <yunan@eecs.berkeley.edu>
alias yunbiao Frank Wang <yunbiao@eecs.berkeley.edu>
alias yunfei Yunfei Deng <yunfei@eecs.berkeley.edu>
alias yurym Yury Markovskiy <yurym@eecs.berkeley.edu>
alias ywteh Yee Whye Teh <ywteh@eecs.berkeley.edu>
alias zaller Debra Zaller <zaller@eecs.berkeley.edu>
alias zendejas Frank Zendejas <zendejas@eecs.berkeley.edu>
alias zenghb Haibo Zeng <zenghb@eecs.berkeley.edu>
alias zerosen Zak Rosenberg <zerosen@eecs.berkeley.edu>
alias zf Feng Zhou <zf@eecs.berkeley.edu>
alias zgang Gang Zhou <zgang@eecs.berkeley.edu>
alias zhangjh Jianhui Zhang <zhangjh@eecs.berkeley.edu>
alias zhangjun Jun Zhang <zhangjun@eecs.berkeley.edu>
alias zhengguo Zheng Guo <zhengguo@eecs.berkeley.edu>
alias zhiyu Zhiyu Pan <zhiyu@eecs.berkeley.edu>
alias zhli Zhihong Li <zhli@eecs.berkeley.edu>
alias zhouye Ye Zhou <zhouye@eecs.berkeley.edu>
alias zhuqi Qi Zhu <zhuqi@eecs.berkeley.edu>
alias zhyder Zohair Hyder <zhyder@eecs.berkeley.edu>
alias zile Zile Wei <zile@eecs.berkeley.edu>
alias zimdars Andrew Zimdars <zimdars@eecs.berkeley.edu>
alias zl Li Zhuang <zl@eecs.berkeley.edu>
alias zlz Lizhen Zheng <zlz@eecs.berkeley.edu>
alias zmao Z. Morley Mao <zmao@eecs.berkeley.edu>
alias zoran Zoran Cvetkovic <zoran@eecs.berkeley.edu>
alias zouh Hongjing Zou <zouh@eecs.berkeley.edu>
alias zradu Radu Zlatanovici <zradu@eecs.berkeley.edu>
alias zsluo Zhongsheng Luo <zsluo@eecs.berkeley.edu>
alias zuwhan ZuWhan Kim <zuwhan@eecs.berkeley.edu>
alias zweig Geoffrey Zweig <zweig@eecs.berkeley.edu>
alias zwick Uri Zwick <zwick@eecs.berkeley.edu>
alias zyzhang Zhengya Zhang <zyzhang@eecs.berkeley.edu>
