#
# Aliases to use for Mutt
#

#
# Source eecs aliases first so they don't stomp on mine.
#
source ~/.mutt_aliases_eecs

#
# Me
#
alias me 	Michael Demmer <mike@demmer.nu>
alias me-eecs 	Michael Demmer <demmer@eecs.berkeley.edu>
alias me-nbt 	Michael Demmer <demmer@riverbed.com>

#
# Family
#
alias adam Adam Buchsbaum <alb@research.att.com>
alias dad Peter Demmer <demmerp@sterlingnet.com>
alias jab The Browns <brown.jab@gte.net>
alias jimi Jimi Onalik <jonalik@nunanet.com>
alias liuba Liuba Shapiro <shapirol@georgetown.edu>
alias mary Mary Fernandez <mff@research.att.com>
alias matt Matt Demmer <mdemmer@gmail.com>
alias matty Matt Demmer <mdemmer@gmail.com>
alias mom Regina Steinbach <steinbachr@sterlingnet.com>
alias nana Dorothy Steinbach <yanka1@msn.com>

alias family mom, dad, matt, nana, jab, jimi, meanne, adam, mary

#
# Friends etc
#
alias aidan Aidan Rogers <aidan@yoyo.org>
alias abible Andrea Bible <abible@sbcglobal.net>
alias abigail Abigail Rogers <abigail@yoyo.org>
alias amanda Amanda Eaken <aeaken@gmail.com>
alias andalman Brad Andalman <andalman@pixar.com>
alias andrea Andrea Bible <abible@sbcglobal.net>
alias andrew_schwartz Andrew Schwartz <scienterboy@yahoo.com>
alias anna Anna Potterat <apotterat@yahoo.com>
alias anoop Anoop Reddy <anoopkreddy@hotmail.com>
alias april April Tofanelli <atofanelli@hotmail.com>
alias april-work April Tofanelli <April.Tofanelli@WatsonWyatt.com>
alias apurva Apurva Dave <apurva@apurva.net>
alias andrew Andrew Swan <andrew.swan@gmail.com>
alias aswan Andrew Swan <andrew.swan@gmail.com>
alias becca Rebecca Silbermann <Rebecca_Silbermann@urmc.rochester.edu>
alias becky_swanson Becky Swanson <rswanson7@hotmail.com>
alias betsy Betsy Clink <betsyclink@hotmail.com>
alias bigs John Pottebaum <john@pottebaum.net>
alias boris Boris Pavlin <boris_pavlin@excite.com>
alias brian Brian Dessent <brian@dessent.net>
alias carrie-andrea Carrie-Andrea Moresi <ca@righttrac.com>
alias cat Cat Cutright <cattarinamo@hotmail.com>
alias catherine Catherine Uyttendaele <uytte@earthlink.net>
alias chaffee Gordon Chaffee <chaffee@quietplease.com>
alias claire Claire Hamady <clairehamady@hotmail.com>
alias claire_mosher Claire Mosher <claire.mosher@plumtree.com>
alias colby Chris Colby <colby@alum.mit.edu>
alias czerwin Steve Czerwinski <czerwin@cs.berkeley.edu>
alias davidwu-personal David Wu <davewu@soda.berkeley.edu>
alias diana Diana Reed <dreed@girlsms.org>
alias denise Denise Bilbao <dbilbao@netspace.org>
alias dpennise David Pennise <dpennise@uclink.berkeley.edu>
alias dsimpson David Simpson <dave@simpsonhome.com>
alias dsolomon Debra Solomon <dsolomon@greatschools.net>
alias elena Elena Jakubiak <elena_jakubiak@hotmail.com>
alias eliza Eliza Swords <enswords@hotmail.com>
alias elliot Elliot Winard <ewinard@macromedia.com>
alias emil Emil Lissauer <emil_lissauer@hotmail.com>
alias ericaaustin Erica Austin <supereaa@yahoo.com>
alias ewesson Elizabeth Wesson <ewesson@battery.com>
alias glen Glen Sanford <glen@glen.nu>
alias gk Gautam Kachroo <gkachroo@yahoo.com>
alias graham Graham Phillips <gphillips@bssp.com>
alias harry Harry Yoon <alsoharry@yahoo.com>
alias heather Heather Mills <mill0422@yahoo.com>
alias heather_ingate Heather Ingate <oliphant23@aol.com>
alias hildy Hildy Kuryk <gichkuryk@earthlink.net>
alias hoofar Hoofar Razavi <hoofar@hoofar.com>
alias hughes Hughes Silvestri <hhsilvestri@lbl.gov>
alias jake Jake Cockrell <jcockrell@macromedia.com>
alias jef Jeff Cunningham <crowcrag@ersatzdesign.com>
alias jen Jen Hsia <jenhsia@hotmail.com>
alias jenmart Jennifer Martinez <JeMartinez@tribune.com>
alias jessie Jessica Beckett <jbeckett@mac.com>
alias jess_horak Jessica Horak <jessicahorak@hotmail.com>
alias jevans Jim Evans <jim@cowlove.com>
alias joanna Joanna Parks <joannaparks@earthlink.net>
alias jon Jon Salky <jonathan.salky@citigroup.com>
alias jonah Jonah Staw <jonah.staw@frogdesign.com>
alias josh Joshua Woolley <jwoolley@memory.ucsf.edu>
alias jsp John Pottebaum <john@pottebaum.net>
alias karl Karl Petty <pettyk@eecs.berkeley.edu>
alias kathy Kathy Robertson <kathy_robertson@hotmail.com>
alias kevin Kevin Janiak <kevin@highschoolalumni.com>
alias keith Keith McWalter <keith.mcwalter@babcockbrown.com>
alias kim Kimberly Cullen <kimberlycullen@hotmail.com>
alias kirsten Kirsten Thornton <kirsten.thornton@accenture.com>
alias kristy Kristy Cockrell <k_cockrell@excite.com>
alias lance Lance Berc <lberc@vmware.com>
alias liz benson_zinck <benson_zinck@sbcglobal.net>
alias lucas Lucas Standaert <lucas@cray.com>
alias lucas_ives Lucas Ives <lri@pixar.com>
alias luke Luke D'Alessandro <luke@luked.net>
alias maggie Maggie Gertz <margaretgertz@hotmail.com>
alias markf Mark Fritzel <fritzel@zombieworld.com>
alias maureen Maureen Morgan <maureenmorgan@hotmail.com>
alias mattp Matt Podolsky <podolsky@eecs.berkeley.edu>
alias matt_stout Matt Stout <mgstout@umich.edu>
alias mccanne-personal Steve McCanne <steven@mccanne.com>
alias michelle Michelle Munson <michelle@digitalfountain.com>
alias michon Mike Michon <mmichon@gmail.com>
alias miranda Miranda Jones <mirandajonessf@yahoo.com>
alias mjr Michael John Radwin <mjr@acm.org>
alias molly Molly Brown <mollybro@microsoft.com>
alias nancy Nancy Kedzierski <nancyk@quietplease.com>
alias naomi Naomi Atkins <naomi_atkins@hotmail.com>
alias nate Nate Stahl <nrs@rampant.org>
alias neal Neal Cardwell <neal@flophouse.com>
alias nlucks Ned Lucks <nlucks@stanfordalumni.org>
alias noah Noah Treuhaft <noah_treuhaft@yahoo.com>
alias nolan Nolan Myers <nolan@tellme.com>
alias nova Nova Brown <nova@supadupanova.com>
alias pava David Pava <davidpava@yahoo.com>
alias rachel Rachel Benson <rachelbenson@yahoo.com>
alias rfromm Rich Fromm <rfromm@avocadolounge.com>
alias rick_mills Rick Mills <rick@headsets.com>
alias robin Robin Alper <robinalper@earthlink.net>
alias rpremo Roger Premo <rpremo@inktomi.com>
alias sandra Sandra Schilling <schillings@prodigy.net>
alias shawna Shawna Kaplan <shawna_kaplan@yahoo.com>
alias shelley Shelley Ratay <Shelley.Ratay@tpl.org>
alias shevi Shevi Berlinger <editors@twolines.com>
alias smoot Steve Smoot <smoot@alum.mit.edu>
alias stemm Mark Stemm <stemm@markstemm.org>
alias sofia Sofia <sofiaz@yahoo.com>
alias srk Scott Klemmer <srk@cs.berkeley.edu>
alias suidan Matt Suidan <msuidan@yahoo.com>
alias tami Tami Downes <tami@chicken.nu>
alias tashana Tashana Landray <tashana@gmail.com>
alias tkl Tashana Landray <tlandray@yahoo.com>
alias tate Tate Hausman <mrhausman@yahoo.com>
alias tex Michael Horn <michael.horn@tufts.edu>
alias tony Anthony Siddall <asiddall@achieve.org>
alias vinnie Vinnie Zinck <vincent.zinck@wni.com>
alias webb Webb Eaken <webbstaa@hotmail.com>
alias welch Will Welch <welch@quietplease.com>
alias zach Zach Franklin <zfranklin@yahoo.com>

alias bookclub rachel, jessie, robin, betsy, andrea, denise,  \
	heather, rick_mills, becky_swanson
alias badness Badness 2000 <badness2000@yahoogroups.com>
alias mondaze Mondaze <mondaze@yahoogroups.com>
alias eecs-captains <eecs-captains@yahoogroups.com>

#
# Shooters
#
alias jodavis Joe Davis <jodavis@u.washington.edu>
alias meghan Meghan Haslam <mhaslam@u.washington.edu>
alias roncu Ron Curtis <roncu@microsoft.com>
alias vechio Jason Zacher <zacherj@zgi.com>
alias peck Mark Peck <MarkPe@Attachmate.com>

alias shooters jodavis, meghan, vechio, roncu, peck

#
# Kingfish
#
alias cam_stewart Cameron Stewart <cstewart@oaklandathletics.com>
alias charles_frump Charles Frump <cfrump@ford.com>
alias chris_silverman Chris Silverman <chris@twentytwoshoes.com>
alias dave_hxxx <drh217@nyu.edu>
alias dougb Doug Byles <dougb@nibbi.com>
alias jesse_johnson Jesse Johnson <jjohnson@princetonsoftech.com>
alias joe_schmid Joe Schmid <joe@schmid.com>
alias joel_passen Joel Passen <joel@gravitypeople.com>
alias marc_lajoie Marc Lajoie <mlajoie@axismso.com>
alias marc_silverberg Marc Silverberg <marc.silverberg@gator.com>
alias marc_silverberg2 <hockeyberg25@dslextreme.com>
alias matt_sade Matthew Sade <matthewsade@yahoo.com>
alias peter_jackson Peter Jackson <peter.jackson@som.com>
alias peter_rizos Peter Rizos <prizos@yahoo.com>
alias simon Simon Fleming-Wood <sfleming-wood@puredigitalinc.com>
alias steve_welch Steve Welch <swelch@archernorris.com>

#
# Riverbed
#
alias alan Alan Saldich <alan@riverbed.com>
alias arvind Arvind Jain <arvind@riverbed.com>
alias bart Bart Robinson <lomew@riverbed.com>
alias dave David Wu <davidwu@riverbed.com>
alias davidwu David Wu <davidwu@riverbed.com>
alias irene Irene Yam <irene@riverbed.com>
alias jerry Jerry Kenelly <jerry@riverbed.com>
alias lomew Bart Robinson <lomew@riverbed.com>
alias mccanne Steve McCanne <mccanne@riverbed.com>
alias nitin Nitin Gupta <ngupta@riverbed.com>
alias ngupta Nitin Gupta <ngupta@riverbed.com>

#
# Sterling
#
alias jay Jason LaTorre <latorrej@sterlingnet.com>
alias patsy Patsy Manning <manningp@sterlingnet.com>

#
# DTN related
#
alias durst Robert Durst <durst@mitre.org>
alias kfall Kevin Fall <kfall@intel.com>
alias kfall-eecs Kevin Fall <kfall@eecs.berkeley.edu>
alias jeff_allen Jeff Allen <jra@nella.org>
alias jeriksson Jacob Eriksson <jeriksson@cs.ucr.edu>
alias keshav Srinivasan Keshav <keshav@uwaterloo.ca>
alias kscott Keith Scott <kscott@mitre.org>
alias mho Melissa Ho <mrh9@cornell.edu>
alias nabeel Nabeel Ahmed <n3ahmed@fe02.math.uwaterloo.ca>
alias rrhain Regina Hain <rrhain@bbn.com>
alias scott_burleigh Scott Burleigh <Scott.Burleigh@jpl.nasa.gov>
alias sushant Sushant Jain <sushjain@cs.washington.edu>
alias tkoo Tristan Koo <tkoo@ocf.berkeley.edu>
alias tliu Ting Liu <tliu@cs.princeton.edu>
alias dtn-bugs dtn-bugs@mailman.dtnrg.org
alias dtn-dev dtn-dev@mailman.dtnrg.org
alias dtn-devel dtn-dev@mailman.dtnrg.org
alias dtn-interest dtn-interest@mailman.dtnrg.org
alias dtn-users dtn-users@mailman.dtnrg.org

#
# Tier / ICT4B related
#
alias jen_bussell Jen Bussell <jbussell@berkeley.edu>
alias jordan_hayes Jordan Hayes <jordan@thinkbank.com>
alias joyojeet Joyojeet Pal <joyojeet@berkeley.edu>
alias renee_kuriyan Renee Kuriyan <rkuriyan@berkeley.edu>
alias mubaraq Shridhar Mubaraq Mishra <smm@bwrc.eecs.berkeley.edu>
alias tap Tapan Parikh <tapan@cs.washington.edu>
alias tier-admins tier-admins <tier-admins@tier.cs.berkeley.edu>
alias tier-private tier-private <tier-private@tier.cs.berkeley.edu>
alias tier-cellphone-devel tier-cellphone-devel <tier-cellphone-devel@tier.cs.berkeley.edu>
alias tier-private tier-private <tier-private@tier.cs.berkeley.edu>
alias cft <tier_case_paper@tier.cs.berkeley.edu>

#
# Other Mailing Lists
#
alias tinyos tinyos <tinyos@millennium.berkeley.edu>
alias tinyos-bugs tinyos-bugs <tinyos-bugs@millennium.berkeley.edu>
alias tinyos-devel tinyos-devel <tinyos-devel@millennium.berkeley.edu>

#
# EECS overrides and secondary aliases
#
alias august August Joki <lakiolen@uclink.berkeley.edu>
alias brighten Brighten Godfrey <pbg@eecs.berkeley.edu>
alias bruce Bruce Beattie <bruce@eecs.berkeley.edu>
alias eric Eric Brewer <brewer@eecs.berkeley.edu>
alias mdw Matt Welsh <mdw@eecs.harvard.edu>
alias pbg Brighten Godfrey <pbg@eecs.berkeley.edu>

#
# Prelims
#
alias osprelims archanag, bowei, dmolnar, get, jwhui, pio, xuw

#
# Others added by mutt
#

alias mphillips Melissa Phillips <mphillips@mayacamasranch.com>
alias vjager Vanessa Jager <vjager@mayacamasranch.com>
alias ben_fishman Ben Fishman <fishmanben@hotmail.com>
